"V1","V2","V3","V4","V5","V6","V7","V8","V9","V10","V11","V12","V13","V14","V15","V16","V17","V18","V19","V20","V21","V22","V23","V24","V25","V26","V27","V28","V29","V30","V31","V32","V33","V34","V35","V36","V37","V38","V39","V40","V41","V42","V43","V44","V45","V46","V47","V48","V49","V50"
-1.00576150650219,-0.0891405295719658,-0.0725243686377984,-1.47061956349823,0.760817549835473,-2.30083922869199,-0.972316435589442,-0.950467595608132,-0.871509168017407,-0.525255742964857,1.40235387938795,-1.25488158539522,0.247266849505103,-1.71489071746334,-2.05621516913064,-0.00776203301735076,-0.990646842888276,-0.363422279204818,1.41475487532609,0.558098438514497,0.739948163576444,-0.683621373735579,0.318895401840396,0.661575022254297,-0.369158385409967,1.36726712382141,-0.794320590734465,-0.0219760065243981,1.02853045783339,0.308805223089042,0.637905704543026,-0.0346281286372618,1.17188476633666,0.33107617211462,-0.0190205222838547,0.921024745966636,0.553484629701412,-0.463721212254486,-0.726842032719921,-0.216372282236414,-0.0143799248019636,1.6347342123961,-0.249024232871126,-0.387728379357385,0.276312888985285,0.709636139832436,-0.998718924639042,0.408056644028852,1.0223544524197,0.285560025059259
-1.89181591416958,-0.238990618613432,0.462277791981793,1.02104716853495,0.343053314014823,-0.722522996289305,-0.702650284558375,-1.2379224247555,1.01372209046173,-1.30211640301008,-0.641699152307184,-1.87374965406336,0.711403151346261,-0.345218876987193,-0.799327162302271,-0.0932342365693254,-1.38887041924991,1.31209136598093,0.539580245432486,1.16938269169293,-0.987788771064665,0.527019089084647,-0.182516622773406,0.842383380700751,-0.519141656973047,-1.11310460301685,-0.166966526549821,-0.181538499611306,-0.30750392442274,0.585569202853404,-1.2087942857474,-1.87243745068165,0.342631730725118,1.07246585675419,-0.253206144552052,-0.456986883498717,0.145851712523546,0.725342302277665,-1.58931186852399,-1.26190514776705,-0.176649020260368,-1.62826906304298,0.809527194088792,-0.550109262384838,-1.00521847690746,-0.336142818996982,-0.137084554787249,0.718361919418568,-2.88270476973622,1.44518403578848
0.944642868094783,1.16654989253942,0.338015157888455,-0.31525321480895,-0.354280660968233,0.0687592228548507,-0.231695459473041,0.742529485644262,-1.54332307886376,-0.865946892842952,-1.3446660801503,0.913879710725092,-0.122975454806766,-0.709594235817082,-0.695700817551694,1.21475269364811,1.29636621283996,0.439405704320283,-0.697128208039378,0.642704943425852,-0.653961585424305,-2.33398726765993,-0.467178631480771,-1.09444671976966,-1.24972804739578,0.256670948663105,-0.726953188771753,-0.535262965428629,-0.929561603213888,-0.418194108601976,-0.943705324585275,0.541553743081624,0.286276885149471,-0.370970053978067,-0.375929520857051,1.06678782221374,0.938657772515946,1.27767448743425,-1.00687256955075,-1.16227876699337,-0.388912337278834,-1.46599245961677,-1.24078849537102,1.00065934269113,-0.4843503215015,-0.194665829920947,0.0149549162666176,-0.363177018540672,-1.68616473580357,-1.96727888325138
-1.07636463242261,0.488108232265534,-0.403971151914358,0.499509156553144,-0.676872547259538,-0.411091932433923,-0.98340789465675,0.0581567348513934,0.328190315476888,-0.424644730612779,-0.277744336204697,0.515601700992517,1.29271318169807,-0.850878894759541,-0.570219846900737,0.864131124286335,-0.500451637507008,-0.235105097861245,1.02560739636458,-1.20539246153855,0.787439416437551,2.61560674012271,0.268256908355638,-1.08154649343721,0.0108321985374305,0.0783941153310932,-0.549699871968252,-0.618684279423632,-0.875957275896494,-0.46541114876386,-0.202664000771042,1.01696357050628,0.424772415696778,-0.871932629915845,-0.188253262441265,0.15362469468434,0.132490510932923,-0.939689007507684,1.0205287704749,-0.728529129116626,-1.48961350065347,-0.501011676854652,-0.898523674349524,1.39315096185181,0.42535053834896,-1.63976344289614,-0.239271165774843,0.39275292458764,-1.2780609696997,1.24806599254287
0.270892969659293,-0.244426495703925,0.303307640955573,-0.688105673261655,0.27339057291374,0.7303310112593,-0.0333789308381231,0.72800632668321,-0.892461508557516,1.43477186745474,0.306807738226034,0.133701327868903,-1.23162663408403,-0.247851336447807,-0.690425729945192,-1.55137949758957,1.89934840620578,0.904863387111647,-0.954451674401035,-0.739766914144619,0.430092722627984,-2.22240966484847,-1.42770104118724,1.95566595537177,1.02419728408812,0.781340622929994,0.124299554338404,-0.794299642333126,0.106058275635984,-0.274187804451438,-0.418225765866662,-0.475264047549266,0.495957525411658,0.16020620100801,2.24420340519084,0.995399596180119,1.88832973429854,-1.92477814847479,-1.29261969066229,-1.17784556412102,-1.01297617440325,0.353722372997025,0.498337364801719,0.240235195097949,-1.03498693913005,0.556171471900999,-0.243650597346792,-0.332749665637858,0.835158993013785,0.925450360664385
-1.83304674897156,-0.447598171172739,-0.977247527463293,-1.22015030391322,-2.38460138255284,-1.46626749635047,-0.655428567898691,-1.65595450127629,-1.0306091412288,1.20502496249873,1.25326310465675,0.290384641340362,-0.230405560923964,-0.363153822454501,-1.66315425409501,0.400172333813384,-0.108777360023966,-0.791961227215187,0.944767995966242,-0.994457215938137,1.43241183199541,-0.800342737980613,-0.637152962901624,0.57979759660998,-2.20904434201497,-0.457864865490716,1.73562808903487,0.0727604241998609,-1.52635196308338,-1.63607236566665,0.0959639952334293,1.46962542462964,0.544230691048205,1.3837240257563,-0.188806247977929,0.551354736865769,1.38012683561707,0.243336510710416,0.678451186539785,1.53942276084213,-1.89918483533002,-0.67451631450732,-1.32401417519831,-1.72738155888991,-1.22187176714006,-1.2882764899724,-0.795501812393557,0.856469762009983,-0.25941819088236,-0.561547958712429
0.421519519735734,-1.85826936671045,-3.81105302815406,1.40031881531294,0.638955126155079,-0.973949354858931,-0.780977379545453,0.0817088101092287,0.720043961464423,0.246696420526824,-1.63264559377576,-1.78148530152702,1.09777029549147,-1.15587153995257,-0.344677558526836,1.28968507803436,0.528386115840791,-0.826631407527203,-0.602352188885327,0.447075786427441,0.296437400297149,-3.39755068467181,-0.763123968629368,0.846787805841554,0.0241795905346894,0.158855169813995,-0.369895492120492,1.67809848768183,-1.21784423449804,0.700718779018367,-1.42102041448686,-0.972733123771643,-1.33792353069795,0.0252559887378092,0.0281998420341828,0.809341122808403,1.50033830279417,-1.69494961498781,0.0594604831472032,-0.85035766557999,0.837795935311517,1.13605845805809,0.383449872635855,0.205261877751667,-1.97475517221893,-0.919990415424615,-0.0315217798344046,-3.14627055817189,1.86821590204725,-0.37423752525201
2.17830932561438,-2.33123789185703,7.65915669639599,-9.59240602096068,0.91730201936649,-0.377542218806483,1.73179435387049,-0.381231237721918,-0.937523575031928,-0.292225528602199,-1.93469384841949,0.826031854554722,-0.802721207411665,-0.57410036079371,-2.76931069871531,0.275255101817244,-0.504363234669288,1.16670258654448,0.274347954239231,0.936796274200523,0.881334364901145,-0.124533675125729,-0.831927019978794,-0.12888720852052,1.27863062097742,2.14456512250721,0.220219518434298,1.16762605879839,-0.138696775717335,0.557194818903444,-1.38510450668716,-0.407864662388467,0.213799332708721,0.0824081826965994,-0.524094491010678,0.511132418788269,-0.663834966696923,-1.05488798625972,-0.530767054769248,0.430472968334933,0.626012473864703,1.22958775310904,-0.100345036502776,-1.28936032410255,0.163049595232568,-1.01244955974925,0.543091370835902,0.956732989955429,1.22827081396785,0.987019752809877
-0.135101864559233,-0.445045078445245,0.815299511558731,1.16950107025146,1.9987873958513,2.17947233434081,-0.497957894494544,0.153105035212021,0.59323771329355,-0.777743114444834,1.34103915335,-1.58379285877602,0.336445079083095,1.1882306519747,0.0821189764129861,1.33319274839121,-1.67641025511164,-0.941130366874704,-0.68876198951425,-0.310431274502522,-1.37496652424143,-0.250017225578943,-0.15470534875389,-0.723003580851527,-0.540514746634793,0.558245178569527,-0.528722635868844,0.8069991888386,-0.68233032552902,-0.403557478103709,0.478806405298591,-1.61581531158852,1.99570429756958,0.154392274536232,1.11403836332472,-0.387124484830945,-0.721350783202604,0.457933794700197,0.79385843039814,-2.02369464023544,-0.388380630612779,1.28875256184394,-0.455391853712649,-1.32847314991436,-0.542243238828977,-0.719201380784309,0.284207999112611,0.631350309359635,1.13970755935775,1.45714739620722
-0.211867633245106,2.12912977035376,0.142670097430249,-1.25537279094547,0.16933817112879,-0.0953332367423211,0.15814834206926,0.655715141864595,-0.188844398149613,-0.421230696932291,0.690151405183412,0.237593937866041,1.88594294552574,0.750748997149339,-0.373026983432782,0.371184720366621,1.33843092284361,0.783860147620969,1.44792406058914,-0.456075037125511,-1.4839226684592,-0.340211304011833,0.400557535739423,0.334722905882191,1.59264884519664,0.394307462999153,-0.0763264636377652,1.21519306245635,1.25805600872476,-0.124699147077273,0.56361503868564,2.74332130478668,1.14298931244698,-0.810041476874508,-0.393497802285039,-0.226936911542403,-0.997278151615797,-0.464194687569271,-0.132982019250385,1.36539390430604,0.0322281563919061,-0.688545340241811,0.311372448493387,-0.759355540801961,-0.910335043755236,0.384733703062999,2.70710393133264,-0.543595321011235,-0.585668358744845,-0.752203795737675
0.553870482149845,0.137011258063329,0.996474321181905,-0.428852471552391,0.368965965177295,0.419516711598207,-0.00795478407360688,-0.0177208611289617,-2.07430642071568,-0.333620973265873,-0.0201047504623577,-0.452843998761958,-0.921653631697281,0.839280413336162,-0.12671290581406,-0.66456119021936,0.0191132246707677,-0.778413422519046,-0.167920990693387,1.55827084886527,-0.649212029096035,-0.494046887787319,0.199852904405933,1.65938885603601,0.641587561036586,-1.21716078552109,0.678440103719642,0.23237953262651,-0.0592464371163199,-1.3480818680984,0.233603245796304,0.511882462573238,-0.328794536067728,-0.298702849889142,1.31554015843344,0.56251313075629,-0.691795705422894,-0.227489872169129,-0.886724386563275,-0.431565573839208,-0.188126276905787,-1.44117177186154,1.09331362026896,-0.323919504159951,0.20102859585289,-1.26546169974475,1.10414914178739,0.221187968298101,0.749178005940369,-0.573231026402165
0.504644366474847,1.36743129682904,2.32628463918877,1.41453360571479,0.168520544309296,-2.03770900077439,-1.45698779125866,-0.345332744500581,-1.87106808882634,-0.408388319170838,0.738877052513528,0.439462482880969,-0.116331898702578,0.0488546388321503,0.411408510130407,-0.447502658053743,0.0596334446741887,-0.456181167502586,0.722317189606072,-0.0478716010010329,0.784684942304408,-0.712470109011374,-0.180430002149283,-0.619803405118621,0.962143296813038,-0.481004739091269,0.525101833165495,-0.469513110388444,0.801462852355366,-0.867618926076147,-1.45995404126769,2.47404229376441,-0.922306133760561,0.668432115795519,-1.08467978593616,-0.480004900109529,1.24765253111333,-0.377926878742279,0.438697320405211,0.555479968672252,-0.162569882962075,0.952966584895304,1.82697486645657,-1.0745362445714,-2.41605564722941,-0.912115345454489,1.79775502115342,0.583793420028023,-0.184772887667337,0.0848288107008762
-1.68341674501204,1.12203796175349,1.05172333783199,1.03154478832968,-0.948558144804365,-0.348239315539189,-1.61487445548786,0.977959150934536,0.0283938358181419,-0.798239861059927,-2.41052172703686,-0.222509044964967,-2.14106268071903,0.0222669142086095,0.741764576654943,-0.0558001253403962,1.30585162793064,-1.90203483867016,-2.05028403332504,0.0198781575722148,0.877813857978984,1.21590486899625,1.37885368868683,-1.08032115997265,0.968825057669225,0.632184271680239,0.803466211133944,0.836730727705041,0.132610580275525,-0.755801782869898,-0.677193381218155,0.69528558206373,-0.0232006370059103,0.43998440882965,-0.700290439780507,-0.549856565922161,-0.327800359995196,-0.557737462448511,1.00597199442683,0.452801935301774,1.1957347117929,1.38421579570434,0.516884669865242,0.753829542146392,0.994817489517283,-1.97467839379087,-0.018617634488887,-0.0213005298539291,-0.862197592189381,1.43048519805243
-0.866633543386222,-0.078797363858249,1.35537074211051,1.91605730865598,-1.44880737418698,1.70290905704987,0.553391402452734,-0.560751601212858,0.195668112318494,0.588661488031269,-1.94032251906054,-0.823443523645202,-0.90398087087466,-0.198680845306804,0.014850248453527,-0.380450150015787,-0.150476875626049,0.443219320735394,1.0312683346538,1.60887915041483,0.200071952190891,-0.635393078353342,-0.138352934128924,0.331456980309223,1.63655591833998,1.5840802783233,-0.736023733825834,1.04555488181391,1.63040961580934,-2.37283053986617,-0.198199676448072,-0.444492094223617,0.324966737134744,-0.759903293226163,0.445588355140016,-2.21574514066654,2.00550825015129,-0.132271770047038,-0.110810269822216,-0.955101496076456,1.08539725328261,-1.14936487202925,0.0436405033393944,-1.01451637082916,-1.51226041255388,0.020476820186999,-0.934534039531297,-0.470793307752003,1.41279316253711,-0.232435931086831
-1.13921166939824,-0.787144301019512,1.84242991554561,1.75734103317579,-0.464555446576991,0.959237463274613,-0.00691289159252028,-0.664386206402704,-0.603081593085098,0.703107318578755,-1.51703247803319,-1.51345048975493,0.911312926757516,-0.249842550612148,2.04563950281231,1.06443206538378,0.52383676762719,0.86298115865263,0.76989367435082,-0.588005543918236,1.30093294336611,-0.25610541674648,0.236083433709822,-1.4516795768677,-0.915988300530916,-0.500477020919178,-0.252511685382947,-0.0634787194654738,-0.616342719461606,-1.08147905683316,0.53834346785281,0.228280500048191,-2.5443727187483,2.19439096085703,-1.93152665256034,-0.221723934473809,0.415192039881396,0.837673725724672,-1.20792691253335,-0.254643215410451,0.124338755734983,-0.991344662607239,1.10612911624848,-1.40950878737522,-1.25179679665892,-1.13295632464697,0.846397408784393,-0.0130124693756846,0.255192676865917,0.182025096694078
0.796597934253721,-0.106554284689629,0.835962328760846,-0.348496294606098,0.954341246857552,-0.442920512696418,1.06049925966594,-0.0383132493555601,0.578085714768131,0.816569972310906,2.20402178848633,0.573366155501306,-0.0814206212703194,-0.244334721538565,-0.104468216009426,-0.0264626931675715,-0.111611803751672,1.82437430172573,0.0561388244760537,-0.848472396430746,-1.06627115007397,-0.531518854010029,-0.461688822229942,-1.18048574126405,-0.817514084930125,-1.1750360036249,0.133159922276424,-1.61060517175996,0.822857747517998,0.594052483233204,-0.209354423469995,-0.695344957647502,-0.88589324863789,-0.487941125175626,0.277147658154695,0.597108122821349,1.96811607507717,-2.53186194161664,-0.387846891872334,1.64828059913671,0.305671804401132,0.635003211150637,-0.574838754047967,0.518261941467021,-0.234038646258783,-0.774204144205986,-0.241712770595892,-0.525862516199442,-0.305327267472121,0.677171748857723
-1.46185481287682,0.351286308499138,-0.732245704206999,-0.0558073588885856,-1.05745465561045,1.48249548050471,1.36817786852996,-1.42255361496519,0.521519211132882,-0.576109946068254,0.65609164740756,0.997799878187852,-2.09396749333963,0.49025772946166,0.380417545761389,0.540737637954946,1.93418492189108,0.418828759899565,2.06481993445276,0.779978306638963,-0.69685592807226,-0.091479237400963,0.789966230236864,0.307760207935838,0.0941629867170715,0.720670355234133,-1.77176400500528,0.206289027368064,-0.696688420000219,0.762503321109056,0.435684452926485,1.02084074824286,0.719195633850031,0.00654825092728988,1.41347676088245,0.441714434195775,-0.434767963548519,-0.336693651216105,-0.914123567394206,0.97802797648462,-0.364419689208681,0.363759753240681,0.720495850821193,-0.960910013530293,1.02250218205341,-0.880557178154321,0.0999792443729745,0.975842913407692,-1.11316469055158,-1.54398717576087
1.13559310053177,-0.737473192140903,-2.01658855784074,1.54202518484441,-0.196266914526446,-0.859199236164756,-1.73886809234646,-1.83390160374049,1.50715612941232,1.73505213315059,0.134206376931989,-1.07278493456497,0.644424483440405,0.591421368933081,0.318320983110415,1.10495509948184,-1.42346466171466,-0.310090417167152,-0.554836390296088,0.97780945746094,-2.15090752127433,-0.880096842100096,0.236489447481853,-1.60347470439711,0.1531840898015,-1.25763639203948,-0.042314638887572,-0.22464046107676,-2.5085405616126,1.32376134639129,0.0800972483800364,1.26466029052726,0.204470486510625,-1.87276553329369,1.15548046193306,-1.15936688702167,0.601685829230646,-0.405005457029801,1.77725248687064,-0.409280240891189,-1.09707470150458,-0.698820284360101,0.637638312314107,2.0462858057563,0.0277824269652563,1.7413631879073,0.195222461015928,-0.0561166105466438,1.13405508027819,-1.00150618150596
-2.71192090446685,0.759953237764278,0.735673525623069,-0.281088807949024,0.360044010579009,0.55551345862809,-0.0734709537381459,0.817152912520742,-0.398912683393384,0.504407945059258,0.538723347932182,-0.678044420579826,-0.760498002341706,-0.760342813676921,2.09998235263227,-0.664910646493952,1.34872680925033,0.536244453353229,-0.00909982087199257,0.0893868214424944,-0.908361461236903,0.983013202065205,1.84490128932684,-1.46272772063975,-1.04140788433517,-0.511504335245894,-0.92761621454983,0.153211492059656,-1.0699007492367,-0.658857886134732,-0.187646046688919,-0.927133430939898,0.77404432600159,0.740373306797728,1.02406664948262,0.0704377152832483,-1.17663336450659,-0.133833867332323,1.0736744588783,0.801104866461205,0.501332802896475,-0.158484606553619,-0.347269903043007,2.1118962864441,-0.626991443226375,-0.845682384087124,0.808033731819846,0.155854556542342,-0.125200728730671,-0.273686907022629
0.442374999307019,0.72483977726376,-0.143155026878085,0.578757507984825,1.39777023602341,1.35342458251938,-0.600692784245086,-0.557771191638949,0.0779685272821092,1.57613909649965,-1.33692733865053,1.48055537406432,-0.897949176073182,-1.60673966793142,-0.327636276096612,0.877916849751819,1.18306891797783,0.517899531467272,-0.710715718983244,-0.0511204736564435,0.884105782142894,0.478905752121867,0.196231544360712,1.5135466735289,-0.726485151512848,1.89018853266691,0.334080375613971,0.530674756344085,-0.072329316238814,-1.03125298514072,-0.920246787497044,0.483781614238908,-3.18013219572264,0.0534171035772239,-0.608081630557126,0.378536428957584,-0.353215501643692,-0.474132458429329,-0.216289552588422,0.422209753530218,-0.322525031895966,-0.435532174697736,-0.0235716523141927,-0.0682090770416706,-0.521696481261231,-1.825071145372,-0.890737506196119,-1.2505477667052,0.909751278100066,-1.13524821761822
4.84979247593965,-4.41918600324558,-2.02419727288276,2.13330714127577,0.639485259311737,-0.81220751870943,-0.0162743336601023,-0.102013047851446,-0.522895128301346,-1.38786290119305,-1.90895942547948,-0.723932599136015,-1.53849857244342,-0.0622210851712599,-0.984204150880002,-0.484153997376551,-0.369726033013499,-2.18056403443769,0.64969209658611,1.29532486133303,-0.931337959088257,-0.896625703363039,1.07794266770522,-0.378282132320956,1.4127173779382,-0.509299788056459,0.563739686271752,-0.958702612896308,0.0962969409059862,-0.926999768222594,0.969149086477737,0.919305235745592,-0.665963058557859,-1.10041239985314,2.43714082596575,-0.0127149210583731,-1.0582176078526,0.308512974736664,-1.92380932899458,-0.648543973584282,-0.451269691837024,1.92309156931067,2.08557507972629,1.23807785092121,0.343535822422381,-0.0657791393452957,0.226046960457383,-0.997174957141797,0.698966252248242,-1.15815140605523
0.128104830478779,-0.360932460346593,-0.303047379100491,-0.631338715331406,1.23739032867547,-0.462130820906605,0.546766812907648,1.05429804167617,1.66337181383517,0.481165075848971,1.12583817285879,-0.692763943760219,-2.4789949700459,0.613136199568738,-1.36043150859592,-0.558584695097119,-0.0261850020987808,-0.700495095838655,0.788239483260014,1.93404320382426,-1.23638149644084,-1.28412943998879,-0.479936610846914,-2.27509153513862,0.00111392498642865,0.0551169409382015,-0.386659560568569,-2.66815965631318,-0.355366713462386,0.423771723276587,-0.0289114146262443,-0.292705105967204,-0.295309402364576,2.73849051805284,-0.688272521268747,-1.37006026744156,-0.827819108141668,-0.955887182066867,1.1586279216196,0.629536474758136,-0.450269315433169,-0.0959296090935303,-2.69242600538385,1.56707948571825,0.276788956164171,-0.801250755367513,0.652276904661982,0.190114711434812,-1.83118802511177,-0.198412387950717
0.0863697409640202,0.878767735012114,-0.0135165487264265,-0.717533980364224,0.569988042453447,1.01381954948366,0.0207768821633585,0.76559474973536,-0.882751403443895,-0.135089218176205,-0.267480329170407,-1.07079755393863,1.08875364502839,0.716497696897939,-0.119657905528323,0.253634491637341,0.0510871990523011,-0.878941503472855,-0.610562732892393,0.707362818210528,0.926384169086076,1.81366984435507,-0.0965768336065285,1.11905187154112,-1.36770561832363,0.937424064445958,-1.52519393226162,0.592559706336174,0.707129764767123,-0.364681278575416,-0.722275214029103,-1.08461143159925,0.414010454768144,0.543023233959902,0.408932650322856,-0.0212659775041908,0.217877100386988,-0.264777472705705,-0.0788324868427255,0.0402183719947499,0.191725078657922,0.00299184986811134,-0.833720877752258,1.893450391136,-0.806933797688296,-2.98203692252698,-0.834210008466409,0.103636492123786,0.930469393370801,0.349748123954861
-0.0557635395774835,-0.988399557559139,0.415602870709822,-1.34011773109094,-3.39467594128289,1.97874302558826,1.30125466227931,-0.739069435847885,2.77225968603786,-0.299024600545346,0.0233497552328049,0.874954543874314,0.4061603288005,-0.967292513011952,-0.290317692922041,-1.03550902485811,0.604780753257964,0.0903713857802822,0.694877441005179,-0.14855449137929,1.89693800623778,-0.643959378362894,-0.998939579490064,-0.258428327365581,1.44388023064079,0.174526555506902,0.082929472855471,-0.852524624608382,0.497660823753838,-0.207218481534978,-0.792935572015187,0.760371051005134,0.0289747678246949,-0.887121629929495,1.8547270566411,0.724787879437736,0.447441440735338,1.04436004603463,0.454445572406707,1.3621399814046,1.1899077251251,0.426279072670767,-0.702614631405837,0.238845068964766,0.562073382665301,-0.0109248466764126,0.321534598595357,-2.49508603345939,0.278424979585275,-0.376980838130621
-0.696152087823663,1.36115673617089,-0.850647470567382,0.490157869031694,-0.422178814555334,1.16535839293145,0.416749047721035,0.778181905982404,0.955302512307057,-0.194863485264682,-2.95048673481104,0.90939993857812,-1.9348138304343,-1.97729250659298,-0.858518745797317,0.675913251636416,-0.396628772844063,-1.26081101580389,-0.99069876886137,0.307251643619723,-0.43489383169911,0.125722574096023,3.89088846435095,-1.05983952840714,-0.172505886864667,-0.280869379611104,0.00123395792207302,0.363593361745894,1.22557583226302,-0.939330432857516,0.562996127963918,-0.848327546853914,0.747913735995617,1.15671976682169,2.0940452521714,0.142981356974707,-0.435263311101203,-0.588477082584367,1.20659316521921,0.685573921018366,-0.653294006519213,0.93283119582088,0.00101896428424955,-1.2887554043244,-0.318676075287166,0.387786967751872,-1.0331573846793,-0.417866209666061,1.52741742674668,0.477434178190228
-1.12651250527077,-1.77054867177129,0.155009645063151,0.954007681728809,-1.76610681651198,-0.811479845789433,1.42999464366303,-0.622624947274658,-0.400304190841386,1.88392422045384,2.2657765322916,0.692401147186391,-0.842861567503942,0.454664805906045,-1.35262404583981,-1.6948525412777,-0.148720787008841,1.26082832188768,1.18102817002174,-0.366106491607177,-0.0744529796782736,-0.293825995354918,0.190161260069507,-0.25814687609273,1.60198208751788,0.392923636718833,0.907592561457723,-0.851509096480369,-0.0919533104753858,-1.90285562117543,0.173004513395477,2.6048653591991,1.57721718694044,0.147845139430404,-0.708347821517168,-0.364693988668484,-1.83182839768409,-1.72325235107183,0.0570487425888865,-0.189986000387127,0.132599295916812,2.26335318619321,-0.43595282863554,0.343710832287497,-0.761860877681509,-0.103214337633361,-0.165563902558304,-0.586838891550331,0.156763440658526,0.26682871256186
0.825991576616071,3.92723756479034,-0.680775105273558,-2.00268667150262,-0.0665283847928148,1.47608608935609,0.448641610088126,0.10660082861754,0.458253131254722,0.129402873969045,0.866027379022174,-0.905116052582139,1.89637667730403,0.19105351291825,-2.64044139575785,0.85813766638413,-1.00405898732782,0.708572582860419,-0.0618090578903251,-1.32124845651088,1.1128275939133,0.220168325299338,-0.455238734749027,-1.18387407399608,0.203510901264979,-0.795552196056627,0.168525962758763,0.510289805031268,-1.51547202487604,0.576595948754065,-1.57389544782355,0.736477678656242,-0.761346840028023,0.530028826778828,0.929666283983124,0.0698249471092845,-1.22505510510758,1.17416679234102,-0.483121601476874,-0.273113663704736,-0.872644596118331,0.56431584663333,-0.0712382993013376,-0.146548513931673,-0.528681737742704,0.264513499679231,-0.48792305813843,0.180591353371523,1.21440210578025,-0.595134311108556
0.890340545972139,-2.2934424865438,0.556498973757469,-0.540161011102128,-0.62986812626223,0.887755661147461,1.12476572789631,-0.0748456097800477,-0.750069159892549,1.47851707189979,-1.61535842269118,-1.91765452093657,2.12060176258455,0.957735730840059,0.537172280437186,0.149683095431849,0.305609593081616,-1.12374014986768,0.176336752387679,-0.0431360383003451,-0.91699933497058,0.858579971811208,1.22772432894569,0.389107541871679,-0.718988510933036,0.33018449513439,-2.07196492822777,-1.7254015662693,-0.734660845109632,0.429941467487208,-0.379740410134002,-0.0245520852128719,0.315476229450628,-0.664122862529038,0.30940848996475,0.057543527543804,0.408947072662875,0.606336446351848,-2.26880501948485,0.664450952710914,-0.581314025067339,-0.671668582422527,-1.04024411134045,0.930859018524172,-0.797190667507878,0.266165666824687,0.209935961250204,-0.92611955921546,0.0574323645067674,0.426034428074591
0.575451239543334,1.22507353931236,2.35708883433947,0.264227726473302,1.44741855653134,0.502512768844879,0.00357327030941488,-1.60016309065933,0.86749626361887,0.446398636748693,-0.190778265699348,0.10876841147348,-1.36738144410957,0.271422508000134,0.535895180767588,-1.11909960482908,0.677073730269169,-0.405593787482145,0.855259341178002,-0.882108276666336,-1.07385984405195,-0.5584552132874,1.75524501478073,0.922260478523737,0.996304987382088,0.51661109504025,-0.603885619339812,-0.776926510848722,1.63204646995685,0.195819388693258,0.0867694826916297,-0.740351380998339,1.14746482345991,0.845745844442245,0.693700093728967,0.407816148687039,0.279419848624919,1.04355466851846,0.0913843456908473,0.305795355485492,0.176844976779167,-0.392548530468037,-0.513742423517535,0.266832392642454,0.289519453663106,0.3529720235695,-0.383609744435218,0.918328162665207,0.129269435733508,0.83314875362303
-0.144640549459054,-1.65538947948526,-1.94756795467505,-0.67409872263587,-1.22668931977275,1.6420406553169,-0.825151293969742,-0.367713985551085,-1.03268294746396,-0.205037372468307,-0.570857200796846,-2.29170427645587,0.195056501386301,0.269448706028842,-1.66775350856008,0.0420208396898734,1.91323833044798,-0.223110356595101,0.0930699362546577,0.726838076825185,1.26272618172131,0.0137225931768261,1.22264281978954,0.0887030195611367,-0.3898274374337,-0.847901882513159,-1.10077379286637,-0.079764421014331,0.683845729012722,-0.623684026962028,0.146301630080022,0.637900000612105,1.34449626493522,0.316682136216739,0.318461430651702,-1.40178748727956,-0.227662644469633,-0.686846718460097,1.06119963093825,0.412144819871224,-0.280004906066326,0.548717191262858,0.378793263197877,0.239290460881898,1.18282723897986,1.93770354680838,-0.130898845855639,0.0811685485029497,1.46533605529666,1.01725643797531
-0.851106439335354,0.716213798574987,2.07513085722762,-1.11825886892345,0.0533333073161962,0.206496293511859,-2.89139309690452,0.516876692117732,-1.6738082427394,-1.92662481483908,-1.9172418224289,0.016304031498122,-0.0684047367636582,-1.24409396400458,-0.228843907843043,-0.316732486331733,-0.973474054938497,0.982062908184143,-0.818693620248093,-0.379226915180573,1.71757975468137,-1.29595231920459,2.38710111987451,0.818399035697306,-1.25540210348634,0.134189257153307,1.0161447492847,-1.3678213007115,1.98856164945044,0.940183336233909,0.0365773594442083,0.989188617979357,0.358592917971522,-0.835229622392927,0.21547834886009,0.451771967830869,-0.0727191468050922,-1.10573078180927,-0.355497892735777,-0.49061957302561,0.357522591471179,-0.00923162308269426,-0.913996046359443,-0.80045116824865,-0.758023751173345,-1.55482954412323,1.41708970117624,-0.612072185855821,-1.50518708175238,2.29566975001982
2.96823212607783,2.36770018975733,-1.02794568586039,-0.454606074246615,-0.804067506120029,0.247840129592935,-0.766557309504608,-0.963769557087581,-1.19504293131631,-0.036451037473416,0.157845960144965,1.26923819822876,-0.782697824517539,0.184678317039393,2.70624147380564,-1.25605018647197,-0.189658332165998,-0.30230118200993,-0.355481119777577,1.28878944694812,-1.05386914070276,0.845146721327854,0.21847133139015,-0.523989654863586,-0.364707786710291,2.48948067567817,-1.80799419803938,1.99891347054176,-0.0457538083364763,0.720066764700924,0.854697030008592,1.16397397906565,-0.295861515219351,-0.238266195038407,0.979269443990057,1.23257501468205,-2.02592498117347,1.1232813239292,1.03489014490188,-0.0710262330659576,0.466191984244892,0.315250107767821,-0.402880514881778,-0.362694382407977,0.883943777464427,-0.130724466501049,1.09359627082115,-0.45888716181138,-0.137925058035889,-0.503778752581461
-1.40086798919985,0.755324745908744,-0.128204878371138,-0.289208147458827,0.0935276452843805,-0.202544554856107,0.584992279762553,0.787679715964333,0.182109879447287,0.382068412365833,-0.963124110514335,-0.662392874989324,-0.752601605866041,1.06823143269116,-0.376889803625097,-1.20670462379052,0.983558131088548,-0.997433447957301,0.870737102095829,-0.689975869107844,-0.669825079803241,1.04426370049029,-0.335276004528684,0.6808627893678,0.0151222095809861,0.263622234629032,0.599200829649962,0.349207461929542,0.870635423665727,0.759205685289757,0.875290411093035,-0.258865005580188,-2.99868740652822,-0.0675969412077463,1.58811283783466,-1.10928162423162,-1.29077651973302,1.19905133680355,0.987488314732059,2.88702422599594,0.537769104872151,0.466440711983789,2.25946107508552,-0.717673447028593,-1.77408719049818,-0.0599000093799755,0.182023685744727,-0.212808550031638,-1.68284609872174,-1.61093622817792
0.0685435561242483,-0.172542692617627,0.0746805367229239,0.788121347369655,-1.31818594556445,0.698523226726054,-0.386950878205671,-0.581226481781507,0.0735509639572235,-0.571226586127147,0.923241701976983,-0.624420294824317,0.0106187138208185,-0.0694007301342361,0.112804134151046,-0.276638819858732,-0.299688396165036,-0.0925441159643061,-1.049480380966,1.4380233177182,-0.132416056179147,1.08570957496702,0.550060574127024,-1.82575765586282,-0.866832497555399,-0.887302628786342,-0.346000387807105,1.84023369440957,0.197421196061044,-1.22087031584455,1.80003981134822,0.85001984922345,-0.863877276895215,0.95892586064092,-1.19824515543133,-0.452247870244589,0.00340789582336962,-0.45617280810689,-0.228384456383868,-0.0745912475177906,1.10497684072512,0.0257569071473183,0.971499683650051,-0.846381013752957,-0.732479244193663,0.572605705408441,0.294483724672149,0.0863395276829294,-1.10867643795522,-0.447687597780651
-0.259108107785166,-0.497965888060673,-0.0949402721461857,1.23760225979578,-1.49686200070856,1.13319381633817,2.57903629022819,0.720389724097007,0.407965262903585,0.424011251767659,-0.0498295240845832,0.116792419118287,0.41744222255369,1.78799183306753,0.364664205205042,0.663112136770526,-0.407611211421636,-0.678667012772469,-0.198702073115392,-1.87987127930679,-0.0800836143141723,0.929065094040183,2.45956278943156,-0.431185792169682,1.90075138731767,1.07064811991761,-1.08919519805836,1.35110125424976,-0.646313474939786,0.417069289922143,0.39460362579829,-0.690463943282043,0.124236854580552,-0.0755612182291095,1.02979049767466,0.729126225301645,-1.99960188704248,-0.423185753949223,0.992905565418402,0.814327117187346,0.854672481131814,0.379097559117662,0.529678892963243,2.81987749519651,0.0932031758853874,-0.407248382854857,0.541041216747892,0.133912269824232,0.234746594507199,-0.140871601179781
-0.581957063468073,-0.193498234632004,-0.313914390694833,-0.339548208738128,-0.385496756721,-1.14651926115218,-0.340320707535168,1.16749559306885,-0.837415142013911,0.757849980365048,-0.333074133384117,-1.20251562273945,-0.743095316194624,-0.323709783381469,-0.196618457121198,0.143204105576282,-0.909839040687097,-0.212637986656514,0.882120985587114,-0.296225853599768,0.878533505925369,1.14212129940141,0.558173368918689,-0.423553394781751,-0.3331942441362,-1.9836624349078,-0.132245045688898,0.346695065815656,-0.0633417325580261,-1.74909354632227,1.42029929105349,0.214996547215381,0.652822503825984,-1.23205407265623,0.707629956283786,-0.235241019475373,-0.129122245514841,1.50408494012478,-0.0281527363711756,-0.0145517041066387,1.29238403261204,-0.145912309459969,-1.29692364001552,-0.447234192259325,-0.137952461675468,0.356303870986773,-1.47963902538583,-0.130643953889525,0.504287030989435,0.351171674975828
0.283618799535668,-1.65534767354393,0.0977278712331534,-0.187200730189422,-1.45761247569942,-0.282904537394694,-0.313537831100373,-1.00293679305578,1.66249189964983,1.22532473341656,-0.981886530625679,0.914696638054948,-0.59131543899452,-0.109036412258051,-0.705797442493158,-1.46761074121529,0.0960530755457398,-0.30784856585726,-3.42554697192128,0.0557743596029268,-0.845083725635577,-0.268642899530091,0.362116756953566,-0.00598770366163468,0.207942522872196,-0.411310844829886,-1.62660053880296,3.51705073426331,1.45513802136338,0.427166138664534,0.0346924166839555,-1.15458575042919,0.692456961396245,2.11893901358785,0.50141491189419,0.542636408552745,-0.141276263080173,0.830717341647004,-1.32506125319331,0.604619264773538,-0.308037478318463,1.74438853687974,0.78279427931473,-1.89493245768568,0.346949193102104,2.01168676084569,-0.378352773693077,-0.927835505851816,-0.15550234213109,1.26038147585029
-1.59863358801751,-0.0984524794513297,1.42521412029707,-1.56753986750386,-0.114953206150873,1.61495755154796,-0.644057451787464,0.875253487990451,-0.718938341439515,-0.0931089665217344,0.289242881107781,-0.012771071017285,-0.0908062841036627,0.260110666117897,-0.507277513765295,0.426905188073312,-0.162299211578281,-0.53998142221495,1.09300552851574,0.675393417228881,-1.31562041554617,-0.674447475789862,1.0271858610075,-1.57999303333064,1.3444316755047,-0.187080746739784,-0.0754794760373006,-0.654673747585702,2.09837399482744,-0.138198440628569,0.788204561950002,-1.1797214220671,0.852501597681595,-0.3211541640038,0.03304486393056,0.204695729455906,-0.323650191426529,-0.114565519759253,0.051299089256472,0.225543630518795,-0.271390122951652,0.571785498789966,-0.622576071590561,-0.584402629360503,0.599278943660901,-1.21279528223114,0.460794620856325,0.704103810199854,-0.619953103886759,0.555644014908778
-1.9144530342989,2.03398400503939,-1.60237746927784,2.53581380866364,-1.20135260441536,2.77158486482448,1.41719979927025,-1.09690516133236,0.852260771851311,0.000295298627140895,1.14642819687353,-0.96382032362346,0.610740614435734,-0.804637820143114,-0.58702514164774,-0.347389488771258,0.466349030896328,1.01316983068898,-0.662959874539262,0.459053763980144,-0.886820555313327,1.35305830466173,-0.0444410617035856,-1.48824243233877,-0.529565466222051,-0.731610704752632,-0.0919274566327223,-0.0676865719997312,-0.0307779774971812,-0.925469638059067,0.4985320461259,-1.891330961452,-0.520895007181853,0.605380082135349,-0.157262852716994,0.950514873009357,-0.478603139008351,0.0961353671256233,-0.606072283507567,1.11074478121782,-0.205328927792388,1.43033831974777,0.352507890312427,2.10991122651521,-0.970010591516125,1.81873305692545,0.166000830607373,-0.745080442037748,0.136880617676544,0.607596270860563
-1.44869302050014,0.711409817394004,0.505512193539469,1.35547579813417,-1.35049855585431,0.158204920304422,-1.16502924197191,-0.163972352222575,-0.468424384484063,-1.65606226918887,1.22123959998378,0.139105657171002,-0.264291219881355,-0.547413545877494,-0.239899652706818,-1.11372748003234,0.0534516670546903,1.89991758443939,1.55965531556825,-1.74208957866865,-1.28828957930939,-0.428006793862786,1.84524674218371,-0.415513960406279,0.530827257464096,0.790319968565445,-0.180140866607742,-1.59549718714344,0.249585812450936,-1.93955959744336,-1.51059387021921,-0.152361668009906,0.305041593082242,0.486922934240659,-1.13969450869618,0.213557273331569,0.757090878208678,0.609327820786841,-2.13316957324844,0.249372864446812,0.271499699495824,-0.173580584802571,-0.0921712383944684,-0.354159098812212,0.191879278205953,1.11615839716083,0.634869713075525,-0.358464669314174,1.5940730747727,-0.397944480993631
-1.09339091797844,0.0360316883846822,1.04478669776944,-1.78314823259354,0.536704100353799,-3.86438408028523,-1.07393677276284,0.720027725771882,0.652772550205373,0.150284751594441,1.3603771988107,-1.21112275837068,-0.980700418196024,0.00670464754678314,-0.0823657209088212,-0.947562361031169,-1.54654780352626,-0.442796075238808,-1.14001435546707,-0.0623203689735746,0.678202293625092,-0.00871192809964721,-1.64187322136451,-1.0027723627795,-1.80077914650115,-1.88822689444373,-1.32590611282845,-1.09742487042233,-0.417104197031789,-0.560155463514143,1.78045760037068,0.120891616166643,0.185318276897251,-1.77937040419655,0.0850854357345169,-2.50906688608095,-0.0980020798136967,-0.169684719578446,-1.45448326473021,-0.0800623964631038,-0.996385442361785,-0.610839452997029,0.308274110968373,-0.00691432189193208,-0.84792925856842,0.461051695356626,-0.728975570322163,-0.354577311929225,1.20999408278203,-0.326362190709028
-0.205890845658918,0.40686647414392,-0.460706127208412,-0.480765176705887,-0.771487603099844,-1.79285297633363,-1.24004888578648,1.38308308976465,1.11834401314327,-2.46080260803927,0.262894434207066,1.32513804247012,0.815364977097519,0.368187627252698,-0.0553678642841293,0.521244087457263,-0.182953370458072,0.754743254924499,0.759805337547704,0.73375900891102,0.8081348262053,-0.0636240989155617,-0.478713428577825,1.15649116226198,-0.250144569552276,-0.555444121968042,0.225777046601218,-0.516887231475507,-1.12438365613941,-0.336978301725854,-0.471136891753315,1.06339056242769,-0.314290604079107,-0.0702367409146032,-1.5437911897723,-0.714911867216248,-0.999821941495135,-1.05692085898617,-1.37658854738728,1.15959055586508,0.61264745416149,-0.370809627165339,-1.32551458537409,0.506106409741143,-0.0977851846160739,0.359583251680328,-1.20932392614812,-1.04001955680257,0.0918753829126105,1.23334839735648
-0.673893912004556,0.37221723117737,-1.65739568358898,0.865019470610218,-0.516930322966743,1.28487641566922,0.0625505993780365,1.27943831136469,-0.9581196645722,-0.13894728280148,2.41063518300786,-0.533186198269953,0.0349375685573527,-1.34150672721758,-0.826063484800874,0.330879797632604,-0.696031548703627,2.36938804711344,-0.324878823830589,0.373019369663659,-1.79947226052489,-0.956876561011635,1.55117196755916,-1.2671496919855,0.517360551853322,1.0554276993204,0.561196469946977,-1.75788870020107,1.67224722279982,0.29748633336413,0.329413556106832,0.231833158385389,0.697938178110682,0.24163528421721,-0.765131208090546,-0.0379725181135949,-0.491897504376399,0.828382310545293,-0.103130020656513,2.54527204089175,0.831368104063117,0.496993694872748,-0.902809823410565,0.219052698610339,-1.09091670674323,-1.05653993723818,-1.15823101884626,-2.35734111865336,1.37569431506327,2.2284846996128
0.349616781061107,-0.532554895609756,2.01942487328642,1.41747489570828,-0.754075771561013,-1.56534686593,-0.0298452676754846,-0.274368701087707,1.05862277969458,0.938849673601784,0.235888857626305,1.09752265912802,0.568453482702432,0.225860915464395,1.06818517646923,0.629152057916772,-0.401634458218241,0.0667079926206422,-1.11888854672605,-0.833878838673808,0.917569094305674,-0.141037108849963,-0.218418466123292,-0.581259806570727,0.838144136345662,1.35406824550589,-0.57521784973959,0.625753092434683,0.149037133802124,0.169372672400836,-0.989508923743527,0.70955517576402,0.934209407683009,0.0365271290793912,-1.18001226873604,0.88944048790334,0.441013105532718,1.0649261110211,-0.926344090994754,-0.280359956188257,-0.994090210926674,-0.440825206008113,0.290270090004587,-1.54055732696098,0.850797273927779,0.95819866055337,0.932518157539132,0.230802970469365,0.107794477163412,-0.78257396171743
-0.724122640065029,2.13473350887261,-0.452265580852847,0.557776237812558,2.86367707471412,0.062951030095995,-0.100099561197599,1.22689194290968,3.13001520841047,-0.600513624866305,-0.930499041948199,0.391309203322107,0.565360259452655,-1.66352133335733,-2.33821537476297,1.69180956903032,-0.640388076188788,-0.0195881629492444,-0.0268560527712978,1.57938361906971,1.74018094615464,-0.110033201720615,0.797751390311916,-0.16780381259695,0.786588366625643,0.0226344441002309,-0.00287641272960467,-0.053790550276365,-0.106131251845515,0.949408825267854,-0.0885637280948065,-1.92161823275567,-0.936218560565929,-0.277436129867277,0.0552973786943904,-0.689709067410638,-0.569678305609539,1.81571154211937,-1.53965641012491,0.754120236898073,-1.0418245532551,0.499559694282004,-1.19657292701542,2.01987672175585,0.8253265517638,-1.08796622453749,1.35158842464588,-0.391076697041575,0.053679805583996,0.339688819217007
0.132351286846856,0.201604225919089,-1.34605213304477,-0.358962777197286,-0.931711645805903,0.399332502839594,0.994105862152575,0.225665287247092,1.30858073580898,2.40677682936428,-1.12064888078678,0.327590792917974,0.59980987757432,-2.81010959945265,0.138590207966708,0.0912992572982583,-0.621587808430611,-1.42056121259999,0.753057565700434,1.16510848677291,-0.0909180753637705,-0.156408139534525,-0.588493925501858,-1.41081487204305,2.16347296882383,0.744302026881534,-1.16577599638315,-0.113719673329403,-0.728991857886591,-0.770337236607222,-1.20676591238802,1.20969176359602,-0.769532071197813,-1.16019802344249,1.06048295005547,-1.17775103861546,0.334933947170794,0.433769738609065,-1.44411673497416,0.243955351321664,-1.02863724872814,1.56688611875463,1.3241701024414,-0.866593208553649,-0.159201020198688,-0.115788682054694,1.62210973274839,0.200805468524223,-0.935892808391014,0.546275780968017
-1.7725225922442,2.18380164044365,0.12608483058644,0.91617017841786,0.769938469988742,-0.119618387158107,-1.40277392626074,-1.4489858383822,0.298256486266149,0.160338614886931,0.88552239359852,0.719486920660502,-0.317010098462699,0.510719694568802,-0.201481221409634,-0.00729925336815998,0.630836854754884,0.119272232316601,-0.951565609526573,-1.30238327311108,-0.227661732600679,1.06453064562621,-0.059382277737573,1.4201498761708,-1.24527352716361,-0.983624238224829,-2.0444306254522,-0.478575004954684,0.0224974398154897,-0.872451578542637,0.588284812841685,0.546005966015904,-0.918595656302281,0.955924751796028,-0.798254468967841,-0.785267598214109,0.664854017488128,-1.40117758973755,1.1196264868604,0.137569597347028,-0.795833760800135,-0.74180485091464,-0.000421067432951621,-1.06523363982455,1.09493607056732,-0.910151483890633,1.10413498145076,-0.0468798610780288,-0.794851393788184,-0.462163986391588
0.224792382651462,0.616328663052714,-2.73088395865199,-2.04086632364342,-0.50714513877463,-0.0940224151660385,0.0414568443597189,-0.509386444501691,-1.49817075783427,-0.380650414703514,-0.485226059314247,0.324290206691927,-0.346371252691722,0.354692859496274,-0.464672982557715,-2.99791267043455,-0.653908456187134,-0.163423559102165,1.74112095881459,-0.132749825332506,0.431821868795706,0.939024040267289,0.460431618230416,-0.0355987972965419,-0.0524871805510276,1.42687056734035,1.9723707062824,-1.76326302074346,-1.12700482904366,1.22031962329505,-1.67220427757706,0.746726035488664,-0.437789677982917,1.06288137618698,0.214584616992029,-2.26050314721195,0.111764668948299,-0.186270871982602,-0.437695181245155,-1.36286563603399,-0.608843102477674,0.408332248288036,-0.313063111591388,1.2276809855997,0.60284315974296,0.399369613510603,0.962125147990041,-0.593492777996078,-0.0443105682708288,0.774933890447994
2.52237708760524,-1.5470478474202,-1.06767486752976,1.392100427624,-0.929926065891811,0.507199393928149,1.07754711275972,2.00322310507969,-1.17812166359294,0.562201731987776,-0.907371052182614,-0.300852158272309,-0.472594540224213,0.0385489853512339,0.205499432363486,-0.495641346475408,-0.19958251902256,-0.356172864891283,-0.457468551611004,-1.83404573932505,-0.0874142055262047,-1.15792698184165,2.84773543087747,0.0584334359167373,-0.689423699468296,2.77621014399087,1.18307661839889,-1.38102033483843,0.216333207739027,-1.19711058311026,-0.642164746950338,0.741501615276983,0.545442144516715,-0.323778755958679,0.0404230703692433,0.418044208206933,0.253819734973257,-0.33949496174281,0.149236152974698,0.264669561468527,-0.825257503847566,0.604885984144705,0.821665392925873,-0.594607428188548,1.11365056932962,2.41115899122543,-1.16089695252632,-2.05436339784743,0.38223598671714,0.957522727716713
-1.29422041486747,-1.21414572405223,-0.615912985382984,0.390057832344639,-1.35189744383869,-0.63703166999427,0.671808462934861,-0.284314992389826,0.539355002965039,-1.52717521283967,0.428494510511306,1.02350807266148,-0.391456109864425,-2.32370518511327,0.650616954028394,-1.15696797588555,-1.39446355407599,-0.207657762888559,0.0164484937001073,-0.200693984514179,-1.06303560036327,0.274375190703995,0.4488643955114,-0.354004082833983,-0.635383490109234,-0.361363911200882,0.0711063825861918,-1.46899218035222,0.481565649848944,1.27204848684713,-1.33788624612598,-0.839094070437463,0.471626659247562,-1.18368017057243,-0.564967257674126,-1.80796911519587,-1.5815947224063,1.33444749332463,1.43767523896778,-0.250987001701134,-1.62620587765643,0.17239165218384,-0.411525271710307,0.525563953285344,-0.245388390696311,-1.08096460270443,-0.998567252762431,0.0404272346986229,0.880099933995818,-2.18019598263011
1.89423400927756,-0.328582849757885,-1.26792208825117,-2.37510343026235,2.9874159171872,2.09528782753244,0.0382764791628706,-2.26040623163178,-0.425092206317472,-1.51447438251841,-0.470132547110322,-0.598414116514284,0.131413832625212,-1.58864973620583,0.979594582052148,0.565025411311861,-1.59556187699386,-1.22932199738515,-1.36815758912456,1.36000705467124,-0.337986902161118,-0.599287384410344,0.531632483715692,-0.0294791632604319,0.716602654797093,0.0317139603213234,-0.697752404866404,-0.128155352378345,-0.178044811442424,-0.506601468976696,0.574610561037587,1.04446977260838,-0.497776803321869,-1.33906226975961,-1.01464629014903,-0.433658424692218,0.936783922357428,-0.956812296188037,-0.298989754577452,0.00697684178653732,-0.171200998612842,0.473979266133949,1.95444427469232,1.79377290101313,-0.717960808488673,-0.409102389702328,-0.577985274083888,0.784691638824787,0.894964263953728,-0.0749395560211752
0.356595628762395,0.142013707317277,1.81411322993996,0.356925742437656,1.12236180293132,1.01659837773649,0.93643994931936,-0.24617146665728,0.24145310739655,3.14099411761272,0.552576119443189,0.357185744463622,-0.453074839535182,1.327267489443,0.886145459315831,0.830300639560795,1.26225923053605,0.610068099700033,-0.0282600321504257,0.771816540354091,0.232463406349818,-0.335801232042786,-0.530945672709806,0.832244074416355,1.51628740789908,-0.0694476426282116,-1.09404568500929,-0.633994625612734,-2.95199614628408,-1.16138725121818,0.145321856417027,0.356063175122516,-0.550080991402572,-2.23090108657608,2.18814096806189,0.679485230811351,-1.17850774226523,-1.19593881359397,-2.20654916829262,1.44846583401054,-1.2410260219754,0.274644357314606,-0.324970914354646,0.248697015447065,0.567133692834586,0.369941517408173,0.0956465760493288,-0.278566418974828,0.611194842252489,-0.267485809994511
-0.798828258664927,-0.208995282832371,0.051608626014106,-1.72850906308523,0.626443903007324,0.322049669452728,-0.145525925365512,-0.237599326857537,-0.508832749949129,-1.18103042871356,0.953019089714619,1.31932584991059,-1.83201795705218,-0.135301620174199,-1.20074086888315,-0.862979464715064,1.19386730901231,0.40456883315997,-0.45845249450314,1.41054635991639,-1.42786990327327,1.74093579680567,-0.325614843068117,-0.950214145559311,-1.76683256938135,-1.77371219593195,-1.67216202592021,-0.173154902291488,-0.077581834262643,0.983429656300655,1.91502022701913,-0.951681648818428,0.546636305749961,0.0660885669394227,-0.946738949925813,0.101195274623415,-0.886045189810671,-2.12582116686626,-0.0632269367611053,-0.586657700060149,-0.0946698343918275,0.120293958863763,-0.347700442283254,-0.827329463877364,0.386781062477402,-0.0605955877428872,1.82343754013788,-0.521473254756199,-0.227530183565243,-0.380098989870005
-0.625553593230935,0.907926699234783,-0.213072998136155,-0.16147590108206,-1.7253593494615,-2.40316731646908,1.60963890493835,0.976280841163832,-0.995168167841889,-0.159980940640718,-1.5045307894779,0.800992548653808,0.428104715101139,0.186140434550033,-1.77765607133206,0.123358111585061,0.697568939017193,-0.691674994641665,-0.288644748903016,-0.797861836074497,0.317429778743046,0.782277679927707,-1.0640047128892,0.615450072112557,-1.29759266568502,1.52207721212721,-0.568200494457226,-0.0159737326594609,0.524957894333177,-0.271784936268812,-0.660799827022019,-0.448409530566491,1.350695770172,0.103321570975959,0.434830298561201,0.0603769097199482,2.02039678336041,-0.613908932432245,-0.378257436162746,-0.0820526276531435,-0.61937724693813,-0.615703105721151,-0.59063118046563,0.876674575664358,-0.184700671851846,-0.679296809237026,-0.455610067232468,-1.21417978335854,-0.515836159156943,1.76626535894531
-0.798941745737488,-0.149954278891793,-0.0174390591377648,-0.0453762906890427,-0.125082114246203,2.14054920891684,1.06515916557028,-0.599056201057236,1.1751998947259,-0.00560231911002488,0.717130402300902,1.36717292882145,0.147037392035403,-0.707598467290001,1.19340525946214,-0.0689816365822507,1.49627350769736,-0.774165275769342,1.80623546315263,0.000642302615501021,-0.98235704424799,-1.75559590850133,1.23950699219983,0.188898672698702,0.55788342861183,-0.46510438968971,-1.39003384548938,-0.390456924996797,-0.75644781555698,0.606160709840006,-0.875415459706606,0.339758460783331,0.496805423633203,0.522660555572465,1.06047834357956,0.00852708998217296,-0.317433434853122,-0.555584353295276,1.14243910461811,0.849609149293045,1.15720676130761,0.386182097791788,1.48062909788437,0.709242548782217,-0.843313488676575,1.19976930849864,0.889242223258607,1.8799259361668,0.309240382473628,0.130057395257598
0.480423578209633,1.24728432188726,-0.825738498001722,0.872007593207321,1.26022083345865,-0.633441011274823,0.0393105480024475,0.867393774154848,-0.654621940742972,0.403582442009471,-2.52538693864058,0.318261389320683,-0.710462198938787,1.70438698595179,-0.362987356357376,0.0967116026013089,1.11053297619903,-1.75877040258013,1.2513471206303,0.0596687850317653,0.685346712753361,1.18681060669436,-0.630129080861605,1.41010890700941,0.502864567391294,1.19570868358218,1.45269317713697,0.0482137884550515,0.539076392853979,1.12743451345019,-0.901078073302004,0.0570469668974061,0.503392868572355,-0.498267464873135,1.816351434912,-1.40735307124066,1.03954289519948,0.922422080450185,0.404661475290703,-0.647334639980244,-1.64618941909968,0.06949264184006,-1.72861589747625,0.732692960630032,-0.722388137716175,1.16145635370076,-1.70064144481905,-0.280125212114288,-0.342385587554867,-0.161021329381295
-0.0752595849045762,-0.53725793369568,-1.51958411628886,-1.34014538259289,-1.01860547048607,-0.537460085836612,0.112187247925516,0.597331489235038,1.42384321763682,0.330866592397489,-0.167945722171316,0.105530698244343,2.03267982304405,0.352981294867206,0.566619892249094,0.519700110413629,-2.72141118039719,0.472388807295444,0.678547319380973,0.80248292897741,-0.698285451250281,1.06814751770488,1.60483423368583,0.68353569172612,0.782397223867696,-0.108986333415679,-0.3798944871174,-0.115688675715853,0.422565227189611,-0.677732059783367,0.154852112191439,1.8315178984011,-0.182181504650551,0.0515729953915027,-1.83159224057142,0.0246900305005808,0.0292444397062906,1.50772283355629,-1.27385839248744,-1.14800603707644,-0.741455526686991,-0.880911042223066,0.892554296818297,-1.96996315098134,-0.00266771179270672,0.793301968974262,-1.72499069115766,0.151574088837127,-0.917180915369219,0.107506147966172
0.780327343127774,0.929769242444573,1.40945613509917,2.85840835220292,-2.15598961486997,-0.546104248012748,0.593357288846839,-0.441131841484848,-2.81724223480348,0.595628439164291,0.532635715957351,-1.43160794945974,-1.93610201564452,0.905972139430641,1.13232831365172,1.91973756768582,-2.2663988529943,-2.2413363913634,-1.30560119458291,0.395616375986796,-0.858430452650709,-0.353388765702768,0.28612211038951,-1.17730762814286,1.04213964988117,-1.1140123009588,0.428990181157402,0.492682363470121,0.261075965422873,-0.540777284787104,-0.713486826725215,-1.78173676268492,0.588984583325636,-0.135257725554812,0.212374483244669,0.544434224564094,0.781778035621367,1.09472633976099,-2.22189901986043,-0.0209514662815721,-0.606403144215702,-1.13575581577985,0.0339598977488555,0.637639850037839,-0.139990488168523,0.928943595921985,-1.21183839009507,1.39710860185416,0.210273889440118,-0.199972554506393
0.432073503719789,-0.339715962457838,2.16047643641046,3.14592721976212,-1.66030281555023,-2.47535031749821,-0.71595686753219,-1.08980406706786,-0.234709121313715,-0.588577577417133,-1.79443850487894,-0.965149172618805,-0.245041618937811,-0.5465423627348,0.986942302625336,0.190177817222756,0.874473645116459,0.192383122154765,-0.015570535936616,-0.304637242851785,-0.874081822752043,-0.098066539315395,-0.894217136675295,0.358172214341714,1.70225288138055,1.37793803167993,1.04009796270748,-1.10551617792305,-1.02433906892937,0.500318686837261,2.24480688519545,1.34196842336446,1.08759133920494,-0.418288108008017,-0.322704091623932,-0.195140270114656,-0.899193308600274,-0.23941367158042,0.359878939390445,1.09651421158187,0.498683106217498,-0.0369185088996251,4.08694221400118,0.699243507284535,0.167326989362564,0.130005936206162,-0.777013598434533,0.837174257827673,-0.23872873542953,1.99524821770151
0.663178631726392,0.178126342599454,-0.53824966035631,-1.146481544169,-0.861851606584909,0.159165476378086,0.120125616198246,-1.15010131639723,0.105323712670742,0.0228211863837436,-1.18274993424964,-0.043213722358962,-1.40513243358025,-0.433300195944517,1.36850102891691,0.118743921694394,0.206171523142877,0.194567649296588,0.196198206537802,-0.61369484521678,-0.642724640148831,-1.80210419929678,1.58087141317768,0.0834324003155731,-1.82483462279787,2.38573419118109,0.497671324434474,-0.356190968179519,-0.039187012883191,1.61412441864083,0.272856730004984,0.0100544805409419,0.0162492143875424,0.467767963851067,-0.0226988575741684,-1.14726654360208,-1.59879479054071,0.547545958327653,-0.449120306424695,0.157583557311048,-0.543959407089201,-0.047732268028242,-0.465409902844702,-0.91389646102883,-1.43487365307996,0.726849722631824,1.49429268801592,-1.61345137402373,-0.494649641353551,-0.561795104682455
0.585979286350219,-0.818737805511623,0.964776931028179,0.179677650680705,-1.29814093114857,0.928026024049335,0.318659869942008,-1.08130825967178,0.245411802843728,-0.229813279339334,1.89407082076031,0.36972804338413,0.122160490265969,0.209503770385913,1.04004603700119,-0.735194979874972,0.157667564920671,-0.128999742180751,0.542073227013599,-2.01983697949561,-0.407575470006457,1.47176727825602,-0.744962948570155,3.01800850474429,1.05125156423786,2.25365258507464,1.00567712800227,0.998361016699215,0.883154557719812,0.318965752124823,1.6896041819826,-0.672939531898939,-0.811904580703318,-0.834132451916227,-0.700999057871257,-0.0615524259867345,-1.10494175053693,-0.636376133861878,1.05691623602634,1.08185031804953,0.347975310399975,0.23952078102059,-0.757753327367168,-0.292877949320698,-0.878536526476353,-0.332757628382656,0.315253998909769,0.377840178146346,-0.45748948650578,-0.478718349043401
-1.35216630508557,1.76341278153456,-0.0864372871738918,1.47152688417016,0.0492803017437856,-0.0591272135298931,0.890784824159592,1.93608756374091,0.486984892927022,-0.260929211002393,-0.224891660471867,-1.90952549773254,2.36536377368482,0.860021488817702,1.29998666668044,-0.62895572956198,2.10662234515301,-0.3582239296224,0.948531502628307,0.238059566540349,0.817335571595674,-1.64859744046548,-1.13247463850982,-0.155450258916521,0.0988253668931275,-0.453860598447304,-2.24903123364006,1.71372948250699,-2.88156486373313,-0.167624503827422,0.476295092824643,-0.584258124997514,0.124913534158103,-1.34518288800942,-2.48498655483675,0.436935113370564,0.260664999672625,0.0860017492899785,0.4767825898714,-0.218195853230792,0.9912611078914,-0.35045064044709,0.745477619796395,1.4633027205035,-1.32635015108912,-0.756567040781793,-1.35717920050186,-1.01628669755668,-0.612467498880029,0.240280852884364
-0.918698269582187,-2.43299661046146,0.516984099311356,2.45679026389041,-2.96882427931602,-3.2896913245268,0.359616680142981,-1.86977117710093,0.484157481282525,-1.00346090591299,0.101566836711272,-1.45752797200892,1.00212766712353,-1.54369533476492,1.20385653486566,0.188127316087534,-1.26936860231928,-0.637264078477445,-0.971220885277215,-1.24105459921382,-0.690889402491097,-0.515722247793127,-0.283868606725668,-1.08841495874624,0.998668944492764,-0.355899861013736,0.539229182472937,0.741501084419806,-0.924261738655804,1.62792851240222,-0.874347894573587,1.05161384367919,0.477373744884306,0.341537787022912,0.802892193319566,-0.47974444093776,-2.10366264353977,-0.474762901492181,-1.2357983096956,0.0451074100630979,-1.20630941938997,0.306469250661339,-0.6943758417276,1.5179852204785,0.673729716889629,1.88284287780107,-0.834697557044177,1.01671088942144,0.881854864304692,0.970325331142166
-0.282887983888079,-0.828489926653045,0.452390066867831,-1.41347927132605,-0.909026872400799,-1.73010653232981,0.888046721138673,1.8261405297788,0.390233210758779,0.707439785069738,0.022872012947499,-0.398190713761601,-0.34606117085699,-1.11044793190169,0.613360860763362,-0.0554451258181738,0.472030578668214,-0.203248723748915,-0.108959912867505,0.476267455335638,-0.203158997881633,-0.873407293221393,-0.660089572317022,-1.52792353032797,-0.0929901524060208,-1.51821872836005,-0.913433820761462,-1.53784161571615,-0.221393818714333,0.925486542324839,-0.524375064299649,-0.0844581387563472,-1.23374963801208,-1.80951040587343,1.48583162176656,-0.410272191437774,-0.6270140244588,0.71608730487587,-0.17349598843704,-0.744250468492935,-0.407146717663219,-0.991299692991453,-0.0737002279181616,-0.372404285330416,-1.10801326111307,-0.778294941085655,-1.27306596730517,0.507254417790553,2.17533588593102,1.2190590800556
-0.637060934815139,-2.31361878200691,0.450444537103147,2.04767600559484,0.265875739990462,-0.636839566831237,-1.54996093407244,-1.21926626282491,-0.728536283264563,0.984546458712174,-0.764971820181011,-2.96556602074877,1.12352703394911,1.51337344119179,-0.191183536300768,-0.26852161655252,-0.109112334614059,-1.30945927611841,1.01842655688519,-1.48181926824651,0.203506562543927,1.2902873772011,-0.486212725185912,1.53461751312518,0.856963619416955,-0.667082260700097,-0.0042489625747188,-1.42309135008306,0.418530868207239,-0.85715530743828,2.69479276624927,-0.17682190264302,-0.580689672220417,0.158829406240555,-0.156097550069994,1.54436587440879,-0.0311506453344048,1.42955904333365,0.422725633191272,-0.0479099122474319,2.05214043576062,-0.200208192806247,-1.39684391821831,-0.859675227168786,0.549657674029663,0.959424722191329,0.809070026509601,0.297627648911228,-0.0803423987758611,0.221429625565973
-1.19261978684151,1.56145601712531,-0.114766542800537,0.292412606436161,-1.08760990066131,1.53779828815474,1.2093420482521,-0.797293565524787,-0.222193416905173,0.393784159919622,-0.940569455865217,-0.144340690360151,1.01009771869801,-1.61168238001659,-0.0117158518674864,0.310601897626062,0.736392853525727,0.992754545279041,1.17377926327935,-0.221624013549609,-2.31903847024328,0.344331631435088,1.60664353864537,1.82131678213914,-0.420887053337178,0.099536036855986,-0.643170474252749,0.887787342258776,-0.450578451633775,-0.917141394537515,0.627691147063221,0.374819060023974,0.528314481106728,-1.41662784208823,0.306246524439855,-0.81488726453371,0.973111707198074,0.466262480228809,-0.491686137159299,-1.03599178526937,0.190956406783637,2.14145330683365,-1.47880232685521,2.00107232004502,0.371798286214992,-1.42199973254425,-1.09243538537705,1.43403454151506,1.24329143044465,-0.897673770524781
-0.319349466826329,-0.641788089531995,-3.34191871312896,1.98611031686641,1.67061435758717,-0.947777526305423,-0.322516127372404,0.3980730419812,0.272207165009661,-0.254891313254495,-1.840695050096,-0.370933753347667,0.498447828140452,0.0713909396714989,-1.059418870012,-1.42153889445728,-0.167636943191684,-1.75533250879757,-0.0108076371048222,0.703003457452439,0.680382403207474,0.196035634708949,-2.15522583702899,-0.331380097900783,1.19825620029071,0.233786985955844,1.70222097848593,-0.185921536303893,0.93081151151366,1.37845628413164,1.46936400244651,-0.749943587712021,0.124313653057612,1.17838062884881,0.771245638247817,0.433400747281222,0.433617768838843,-0.251451870761214,-0.696461693602266,-0.264970096075407,0.443058820998345,0.579769511080759,0.613759243749412,-2.4009138310063,-0.807097147646683,0.4974997190757,1.50533302078735,-0.45258225682186,1.97432217232884,0.0424778000584774
1.65698378537114,-0.166298590680019,-1.92207675155788,-3.44927158504993,0.000262750332099659,1.21823462958141,1.01482241112187,-0.123465175074026,1.62286506218691,-0.069516806697899,-1.05688777527292,0.144218383175128,-0.440484570579816,-1.1175219217216,-0.400457154737657,1.7590963336424,-2.34689127601812,-1.17744045501586,0.889977811787167,-1.01782385038213,-1.3014394578684,-1.43542306487416,0.441962343845855,1.45720185539032,-0.109676977846075,-1.29853303524213,0.0941206627251033,-0.696619740041662,-1.19166729747618,-2.40032121877891,-0.720364973810992,-1.35537330314163,0.536678766475844,2.27617548172619,-0.170281828446011,0.223015572365776,0.0182122311807551,-1.03115843341803,-0.0555025163665162,-1.38237405447113,-0.455321459434854,0.759141613206979,0.479448914263312,-1.41087132146444,0.686489454313426,0.319385690952529,-0.315497229571429,0.516105558003955,-0.424119587317424,-1.12515676446369
0.855257900786594,1.00676613610153,-1.36860410157448,-1.56377438310824,-0.639778019429388,0.392239090514258,0.799908122029255,0.151175395096254,0.810910207615216,1.65553644226549,1.1621401766658,-0.647653302034052,0.452982542075489,0.0200516909972688,0.407972448012551,1.50908145372347,0.194252092772243,-0.896217344438684,0.23650220810302,-0.0156984431776795,1.21048818382334,0.426268721135555,1.09902219209957,-1.36645412219043,-2.3195476157515,0.139158531367188,-0.3655372288343,-0.584984325615117,-1.90348023800101,-0.469167887282732,0.194867028713111,0.137619616965476,0.00721624701220827,0.786388292578613,-0.635618605687124,-1.1899240535083,-0.257416294162603,0.0228005131870743,0.376337096688628,0.659220533369349,1.66628448769934,-0.216400416767829,0.86122873162312,-0.545599405282062,-1.61732520363335,0.237623578571544,-0.395348706216373,-1.25396497658309,-0.229585125213017,0.194937415576474
0.636996049339555,-1.43483886268694,-2.08112658638631,-0.452172762482539,-0.703495758119464,-0.371910072614718,-0.947322226639596,-0.352743836939066,0.173905865893494,-1.3659338187152,1.09746624923084,-1.30966763346749,-1.47096303647865,0.5045793172201,-0.349862713236232,-1.47459840704861,-0.302425750667425,0.871097996137019,-0.744271023834972,-0.70930426753817,-0.475685970565567,-1.54158111051874,1.74774669687832,-0.489800638731984,-0.647568947660433,0.935639491358475,-0.503135104247044,1.31558104821685,0.731776593325932,-1.19696657649408,-0.323024350307908,1.01724692293966,1.264824829825,-0.935767417896516,2.83411892284937,-1.10463526400827,0.761095726366468,-1.12010568711344,-1.40302626244757,-1.18142287014583,-0.243672805901634,1.61925093366591,1.6917609700103,-0.0515405689134429,-0.783176491160177,0.713256347097482,-0.546572239115482,1.07223027794773,2.18227208739629,-2.4237969390167
1.00884500124141,1.69182293822094,-0.266862248165184,-0.27690070477026,0.0946398143353372,1.36769415461987,-2.21708839342345,-0.306892173532996,0.770578880788667,-0.104403356373914,0.803418086699262,-1.05699720316909,0.324890037535015,-1.23321113040513,-0.477150187183513,0.457967393106356,1.0414533663914,1.15047741796365,2.24178710373168,-1.00332440970273,-0.130930504426337,-0.509467363457205,0.271693990111453,-0.599426483494996,-1.52173456422722,-1.37547939703803,2.52058934096358,0.34440897068789,-0.990753726022333,-1.63840418939381,-1.35793226166216,1.20713904763322,-0.112843897265717,1.040176182211,-1.02816972306773,-0.234537762916856,-0.126497899731934,0.0187653729250522,-0.245699125281827,0.801098696163729,0.547635183382827,0.0424335393186004,0.451593122856863,-2.22660616505245,1.20875379121877,0.116179185414856,0.254688884282844,0.593935421364406,0.938493655373884,-0.7052114777508
0.394317681498105,0.455063909371525,0.15168939143416,0.952390758421777,-0.222849985238973,0.28904745092413,-1.12242079896906,0.497546174850101,0.101903138667409,1.52795479757096,0.200846654476479,-1.51257896445771,-0.215856259455654,1.27861928587855,0.734926072194292,-0.125177509110453,0.408779935169548,-1.06044774094938,0.286186159938494,0.235978549465391,0.713468646502,-0.0315831750609648,0.960150860799536,0.982042778040964,-0.0573492726673864,-0.342626672740619,-0.388038196299075,0.767295769483769,1.55855543824317,-1.4845982852764,2.30315355175932,0.316531993227985,-0.044879190964361,-0.391924603069369,0.486114852920522,1.67626419408031,-0.359349187424795,0.322606312407388,0.809620233412209,0.80513240399252,-0.830534256439104,1.15924473687871,0.177336997235754,1.21364244483944,-1.7306506138063,0.027427604870662,0.128561116390275,2.38504891676474,0.388896319981311,0.187891124422357
0.556851503049243,1.34238558402025,-0.767845955850175,1.16744131892368,-1.10670671443829,0.953305181312923,0.747078707026887,1.94331841802331,1.09705164073135,-1.12162045204876,-0.630108676477346,-0.50523751547505,-1.47557407321052,-0.407925823327006,-0.799511846854566,-0.76855071591467,-0.545823827668703,0.593010226857682,0.276608981433487,-1.50292088403753,-1.69885436678539,-1.09258095264955,0.197506083335009,1.15330345717768,-2.17563919441572,1.14917187788479,-0.189699496173546,1.53680357888366,-1.71104529120354,0.902652606569891,-1.424833496735,-1.73961975086845,2.19055669603491,-0.815087184226454,1.36840681010333,0.121403162924062,-0.407285672638412,-1.27178545284327,-0.31329367760156,-0.189973227761396,-1.72395137886402,0.0416270248564231,-1.77963864290556,-1.21736249520567,-0.33272577696548,-0.849537914535155,-0.31528510695223,0.656243451314922,-0.241753828139907,0.130353257315126
8.73636181206598,-8.00790124232029,-2.0940648611584,2.10234755443018,-0.0467374567087355,-0.262720204912621,-1.31484036141424,-0.646462457041673,-1.1717643783009,-1.49227570971778,-1.1225179674466,-0.924509321293884,-0.576440130099469,-0.798595089114444,-0.573682175566352,1.20045526509681,-1.08928751265053,0.105659306151843,0.20150837948446,1.37779466582784,-0.667560209756812,-1.15905396148076,1.81212345421522,1.27956725297025,-0.522418396654474,-0.322602883431582,-0.512770107921077,-0.293982182093749,0.0351257083541947,0.77665225138126,2.1688446514114,1.08882509931194,-1.99649075727991,0.643743594307499,2.06020643434824,0.466387524653244,0.00330287415995143,-1.2838899760589,0.90276930423681,0.336116176576686,-0.160443343227306,0.0358953285061474,-0.861412307180075,1.34135581231641,-2.08284922922287,0.753354356836775,-0.862351020648487,0.417113893434192,1.6120887416854,0.747934317611339
0.573110225427354,0.493335003052242,-0.668587379561887,-0.199240249431806,1.24677747859613,-0.362986788457788,-0.950528450342483,2.30400543373929,-0.738151710688649,-0.459940018200282,1.03768648892484,-0.231420943659905,0.695331727059207,-0.593395159644123,-1.70640056195095,-0.00545391111235431,-0.788868997784782,-0.25761459063369,0.970696606186864,-1.52683456932111,-1.65216777380704,1.35045145684516,1.60641064746139,-1.45955204058823,0.469770560026563,-1.61756148949805,-0.928411303665428,1.22699452154387,0.342012669407109,-0.513537628550132,-1.95448596019811,-0.329064502255577,-0.59088113024128,0.125361346982507,0.457303348702914,-1.43469919727756,-0.437281250157352,-0.578857893700478,-0.169099930190105,0.355192779269196,0.806919966295513,-0.0278597573140472,-0.603245505329152,0.148033608522818,0.269122556126774,0.0193117577019096,0.812004125999579,0.647491630847063,-1.37093995459639,0.611339115531225
-4.46201492266873,4.21426854331699,-1.28529844285865,1.63750490878924,4.75316570412338,-6.24244242805528,0.475736325473535,0.681610857318839,0.998878362936509,-0.747002000495786,-1.11721477829192,-0.719169064531211,-1.36116106626079,-0.0657336650751571,-0.748133075742445,-0.213042928655787,0.932481574119569,-0.270835390671442,0.0195300362612761,-0.557304617877094,0.810963623074922,-0.46651520750857,-0.143278686016508,1.39557166958277,-0.934853881359827,0.278392738679815,-0.630829744913345,-1.03447553138167,-0.931925285761701,0.271455941548849,1.09582607166488,0.11885776509334,0.843132285919818,-1.50129906630238,-1.00476506519061,0.0223322430846417,-1.52257668266692,0.262083779856433,1.48484746249753,-0.418586119541154,1.05562781818581,-1.51317116494429,-0.616349768978487,1.21464944208912,-0.472664900429236,-0.0247105729109379,-0.83863653361674,0.524280140286054,1.19238252150657,-0.646516395918789
-0.37825423519786,0.247825434912291,1.4522981134416,-0.603742263579161,0.307185349938084,-0.851994882911654,0.424749320714895,-0.336439732875128,-0.320922853145148,-0.0248693405554749,1.44320605724885,0.0895835289210572,-0.194296608564943,0.170772309880255,0.31377055703772,-0.738902978708193,1.54113738600635,-1.25481409303203,-0.00232665342976053,-0.740393244519041,-0.367207642383673,-0.136475241305544,-0.291003756097541,1.3494366535068,0.104884780565057,0.510856908760354,-0.759229130390768,0.887274010033342,-0.781378981548916,1.10429044274197,-0.681776540947759,0.57056331690772,1.07435405381396,0.000570358159029149,-1.26746481708765,0.544474039433829,-0.112234947841087,-0.795262243162648,-0.821973199289184,-0.817920422971717,-1.15589548643951,1.09176884384039,0.548661679663662,-0.232044160552877,0.627337683557861,-0.911850233030365,1.08249563789901,-0.440707055708798,-0.995863647960455,0.624172061921932
-0.990716896285238,0.273209039486119,0.0952621763267923,0.105538351885953,-0.513933822314742,0.126561113949742,-0.0697892612791302,-1.38879570068779,-0.744570263942136,1.05770170862965,2.11418458611205,-0.0545276045716942,-2.17752028322863,-0.624804158593653,-0.18050788091371,1.11460238848838,0.545648429563287,-0.851397407539071,-0.0504398936759052,1.03122929598077,-1.42108823921002,-1.31486467198095,1.41874419281972,-1.09144811081717,1.01871362667981,-1.4900036023949,-0.555528495489282,1.88600505432447,0.488400271856445,0.553355317358955,0.912725765859688,-1.62818279564843,0.219964349839714,-1.45870695728711,-0.169694175537572,-0.127957891226166,-2.7800129806819,-0.44403468013558,1.56281892740167,1.10662383046585,0.402098096955881,-0.0839532026380325,-1.44891355977492,0.817853923376519,-1.05059350218697,1.18462246864824,1.04903806019939,-0.713480125431354,0.0263402443400285,-0.399751799967556
-0.663850047420356,1.29531741408258,0.766605414649959,-0.404079349276702,-0.904197324421616,0.515524134927345,1.95035066234109,0.404853434775879,1.25558678860283,0.166975418942586,-1.29521239107814,1.10509835956881,-0.0169129902652514,-0.258312673303215,0.984481744512091,0.636963838017486,1.01437263091223,-1.35257975935785,-1.01816961777934,0.526822398184619,-1.70501033224352,-0.547283224533329,1.49427734170721,1.71880431055551,-0.596899075407646,-0.206800936931716,1.01113360038984,1.54116153910996,1.73488643677816,-0.369595102129215,0.2479973346079,-0.196662154252184,-0.536742477070305,1.70807267438595,0.359687682811341,0.21932605116364,1.35350519564457,-0.0191107650481275,-1.480277850342,-0.271754620170759,0.233392386302274,0.581404495967466,1.37181381007826,-0.706427483114264,1.36747446855329,0.146279324122454,-0.793159866285095,0.996031240189567,0.952382294455747,0.529910091394881
1.1622494703885,-1.68259008802655,-0.922669964141049,1.49723686484781,0.599135043786416,0.99545099372547,0.605024529468856,-0.433392184679701,-1.43437525931821,1.07246887979845,-0.733593332835019,2.21749124925445,-1.07850318632184,-1.996089851465,-0.0623334761272209,-1.81007331518057,-1.15297667460041,0.399179586225299,-0.27729523400437,-1.4123733122727,-0.363715541271385,-1.05927772371897,-0.523067559254175,0.656528086592739,0.221990111666349,-0.835573578255309,-1.70126210621914,0.0558786794010155,1.30480835651372,0.284871828550525,1.89783792102651,0.873115078952426,0.210166951606756,-0.927677099306753,-0.456385497368252,-2.43424490480327,-1.54593096088019,-0.282015728294162,-0.451512182301821,0.305584989036742,-1.04356456640376,0.644540819250746,0.680407638358271,0.803392497776301,1.28480703700377,-0.994834969152201,-0.219148445264001,-0.410621869714997,0.999326516461354,-1.53473569777906
1.01688630063846,0.648272357584234,-0.464097064841317,2.2115857398998,-0.375980530775633,0.486129636285345,-1.45420448460086,0.940014139424531,-1.25508112777648,0.605229434114609,0.476667319265974,0.0107021119112103,0.619598632345224,-1.07589576450556,-1.0842140576979,-1.10532845399704,1.94218921693765,-1.60823458332172,-0.175827112513952,-1.73681690901278,0.616482133607594,-0.602398920348341,1.24070623931925,0.212330986488586,0.931485032312361,0.193892014460652,-0.914696411123604,-0.280208513584874,1.54625993670011,-1.36033780190839,-0.2214788104475,0.376011995353447,-0.434118324364016,0.979954734972893,0.848963772017636,-2.5376176057561,0.715334974888505,1.7015662572474,-0.963309761187437,0.237841533757578,0.650419623496747,0.19791163893038,0.666509546305682,-1.27636993823819,-0.419027497927661,-1.9873440013631,-0.232474219533564,-0.542762885935769,0.505609365836694,-1.23882513407836
0.225134986725939,-0.581937804176768,1.51222600290408,0.447612200457473,-0.121991549541156,0.447402400596339,0.784700130501593,-0.319594153275989,-0.658248343444361,0.7119444900357,1.7986699216601,0.614421548572147,-1.62031248260717,0.78362688426411,1.05164454825529,-2.38209426573799,-0.573857688391294,0.450996402078185,1.37896317474103,-0.00242833549442876,-0.0672791530419443,-0.000178788132365772,-1.01975818971757,-0.147142813724798,0.817023983775649,0.622067318223719,0.715743061069217,-0.618289002109352,1.353884186466,-0.867324336078457,1.40752009496748,0.371360578634735,-0.270505407084085,2.11136020859834,-0.163219085911681,-0.618892488652187,-0.371143989242473,0.444568949866711,1.04802334597317,-0.765405944090572,0.101428549500942,0.369875639042606,-0.192553931796608,0.475824837989919,1.06358729030807,-0.0785780859948656,0.128981662731429,0.266467134620859,1.25389293287883,-0.233146393362221
-1.06175963476913,1.17897244704414,-3.02220420423956,0.302421849700489,0.844496495836549,-0.68325722723432,-0.156987153080739,0.351665387260558,-0.0495798608797375,1.07800643823472,-0.399286207801382,-0.388749070717763,-0.363272085537237,-0.913112395244765,1.42396849226583,-0.44109768675909,-0.647333474166261,-0.773673981184286,-0.430457401596966,0.0675504733807374,-0.495944645028131,0.630055933812697,-0.94854673751013,0.12770388348868,2.09220834506285,0.985576187720217,-0.058149445995761,0.47699883115552,-0.105634828479483,0.397314772835255,0.226410950784011,0.770717350128346,-1.86211825343735,-1.70061395804314,0.672112139668826,-0.737804473028269,-0.379534190848279,-0.591471709267056,-0.430165570216293,1.20401272876184,-1.1274666191318,-1.4804098264788,0.629757961101713,1.24974365643011,-0.240157502274408,-1.50683371844861,-2.19027837739776,1.06476766428679,0.982560431558669,0.0930539292217418
0.798229220372717,-0.157825181741183,-0.52532779959181,0.497240589290976,1.74791565967933,-0.854476499336339,0.901523146245451,-0.0357882067251467,0.744473877866451,-1.52492250960669,-0.428964510204979,0.450739467235494,-1.87689445297479,0.391127899074203,0.597651447878657,0.298532878724584,-0.570210028826682,1.90766022570723,-0.733059921700112,-0.483440315255212,0.46256279954735,-0.507626556299454,0.289015914375076,-1.4189815490066,0.814355351971805,-0.833551476919128,-1.05283840646538,-1.50129496407575,0.120310991670222,0.65361891205957,0.170991582068857,0.063557170420497,-1.65734062014245,0.284891252751545,1.15536939271661,-0.51605250753816,0.778101125993126,-0.0294050432466695,1.27922140456184,-0.734678039795189,1.03219774153433,1.45786122332307,-0.412191188565054,0.537615017175806,0.0357449777086159,-0.353527882714497,0.994833012747018,0.763861380446583,0.950147186307029,0.576599780127126
1.02787328658911,-0.792743104163566,1.07007075656364,-0.350059204256779,-0.805258745618115,0.137513243566394,-0.0372592432927041,-0.121075754283318,0.3380930338113,-0.880526823537072,0.14270437808051,1.40346840947551,1.6431359545972,-0.668824508993035,-1.31185566079742,-0.528748907246,-1.24533617764588,-0.00904620823143358,-1.36900063265632,0.917014745811121,1.41453691385444,-0.0504245882271721,-0.774441133041086,0.342321691705295,-0.831902851129207,-1.56748371241548,-0.115885099176215,1.30248664520443,-1.60644186206866,1.24900413712551,-0.402033112030333,-1.20725009050433,0.769858347010767,1.06619573887152,-1.60873706097812,0.652319902776791,-1.11199883248182,-0.475154906336343,-1.53596097771577,-0.860961378973008,-1.07093098242672,-0.801388541097194,0.217412412341015,1.04502699489224,0.754659898256215,0.114164526666688,-0.592635788666581,-0.571845152911131,0.572962274519672,1.33026760443196
0.391903385211314,0.0924114531031055,-0.238079489089893,-1.61027797374943,-1.15859838362128,0.152278074663352,0.589844964441124,1.23839712786301,0.834357578952578,0.415371714315751,0.369266619130756,-0.547686488100296,1.04200471695823,0.415384234425001,0.819532255287692,-1.27556600258073,0.901468378980828,1.72095725909593,1.9317127485008,-1.56375833273973,0.128722353364801,1.08779467329384,0.11047086443148,0.333600896154621,-0.530112745627461,0.0115052214021459,0.906934366156202,-2.47737579129849,-0.944151206495346,-0.395995523562055,-0.683459899163235,0.17107172145263,-1.31461769087386,-1.12934063921622,0.870066050915813,0.448485818802047,-0.0257904517297087,-1.75419537331171,-0.0233415133918503,-1.01523245280425,1.3517243564578,-0.665129515570757,1.16755901232391,0.870418945212785,-0.0717588467595374,-1.88171042319439,-0.710391961935573,1.10418514475623,1.36663401634691,-2.40989978783199
0.510128054869037,-1.03515310854185,-0.422609822167146,-0.780007404487454,0.442069416302193,-1.34752040930091,0.705249657047082,0.378174447139842,0.906299895851241,-1.06889269934767,-1.16193648985671,0.176581844233353,0.573294530295532,-0.477790168907036,-0.350328230840825,0.72152867188716,-0.186268649431832,1.28246935466998,0.238670153439175,-0.729813454522848,0.486220672517617,1.16972269454809,-1.19239775164379,1.59976949520742,0.219549516687545,-0.780985712782541,-0.660202377502351,-0.0237330868949876,0.254519520099748,-0.165443598859336,0.995414602486341,0.565796788220116,0.798765437638988,-0.582871240289519,-0.963502306642264,-0.443513573020374,0.429446105247076,-0.296340082042535,0.978443448723384,-0.78408502551647,-1.07030755863453,-1.09406138917881,-0.45668905499101,-0.406984572804251,-0.680900048604801,-1.07008069555477,-0.319464210025163,-0.0692332805653182,-0.578518223171601,0.836194378344811
3.43151914868471,2.54959576718263,1.81939490160144,2.68127415242702,-0.395387122951549,-0.0982404293326156,-0.102933421748206,-0.490320383254002,-0.81847858444792,1.07543469260428,0.138591016989258,-1.65947191272136,-1.41688482637514,-0.339899348769716,-0.52788311175188,-0.428529882799477,-0.250336415142961,-0.536675168950148,1.95684716788714,-0.90724629658021,-0.594104726378627,-0.240006028811225,1.91524112505563,-1.01371318707379,-0.366564854944031,0.236695229953406,-1.48136001682649,0.766981200006569,-0.526848932455754,1.61563439066976,-2.70614206317379,0.563429749729534,-0.607794015643301,0.904188706568552,-0.2150203131686,0.62948538173873,-0.114711087196664,1.11748534013209,-0.254701666941457,0.882585928303558,0.651281082113533,1.53030768668318,1.50062278976707,1.83926251566663,-0.347993494730084,-0.219234275004423,-1.80355237645364,-0.758794647943318,0.504034641556441,0.613177309200581
-0.182653920900236,-0.831558226325652,0.151036860934079,1.95719437405093,-1.60609731316965,-0.76430250779087,-0.947530881207643,0.874409628845886,-1.10405724662212,0.559727248009553,0.876950534821148,-0.31907225723725,0.414068945100619,0.890121088284654,1.42229861816552,0.32893559497445,-0.98685243961936,-0.0607866762311918,-0.269201373570692,-1.65153294365997,-0.366749670508966,0.380406271034257,0.0173603846023676,0.262659852079797,0.414576009615909,0.125309496221276,-1.09582243276614,-1.17225434648953,-1.25082272248913,0.566549130307388,0.773076442374408,1.31897384300277,1.37535675567825,-0.947169554591354,1.05250256865489,0.350833096759284,1.23264899610888,-1.37295381508716,0.784337976205661,0.353067276224674,-0.762260743244804,0.140034540690844,-0.953072539009961,-0.941413372445581,1.18989423219567,-1.26556186735637,1.02297358992143,-1.16543945698469,-1.55575471557371,-0.226604489213682
-0.324386298464103,0.713957709435765,-0.186073562328758,-0.60655274246157,0.700017211982606,-0.471701178741584,0.035992978475964,-0.154734490577497,1.53277871588785,0.301625640085734,0.959425481137876,0.25761456663733,-0.0835597938191947,1.97260389782417,-0.707694690913621,-2.18336368008865,0.812736381847287,-0.809502603764185,-0.936903060876662,1.11001516649056,0.917946358882614,-0.976804205357952,0.317939046218621,-2.50374081258085,0.141636903245525,-0.409178268963278,1.00905993183536,-0.0626381592332284,-0.155753776054025,1.16512692977269,-0.012308645869741,0.758156618633378,2.12123860217227,1.11727031182399,0.576312464799987,0.658862637219717,-0.676493051520638,-0.917053713518186,1.39483556545616,0.14102971339673,0.131030579692552,0.523867577097698,0.89784400137724,-1.41085589168973,0.621492740738731,-1.64849658867187,-0.999739628780494,-0.674305044144495,1.37365584744414,-0.130971239387151
-1.19249293128858,-1.23490991987929,1.12582346359435,-0.0523468889382069,1.33052544337438,0.226166856614528,-1.19786077005473,0.827874383667078,0.656606427269568,-0.197829134758327,0.71466678346252,0.897818041194757,-0.0793860030772354,-1.85529042338494,-0.573731338484836,-0.268225797715958,-0.211962547961078,-0.72457278275107,-0.577643955433607,-0.883404168999979,-0.207217302642467,0.35124708217072,-1.01472604606402,-0.143414900582068,-1.00312941506297,-1.67640132478701,-1.02291933673659,-0.0496018166661322,0.0534807361206131,2.85837737925389,-0.923110187335917,-0.654321538615226,-1.01794429724384,-1.47937749702956,-1.51055469426336,-0.283802393350828,0.48851193175297,0.496970789588883,-1.16464597172294,0.654997313642544,0.971965218487312,-0.601948424630619,1.77933658197235,-0.614418536567789,-0.00223402228455775,1.37868907009648,1.36141016534082,-0.800470297576405,0.278812593565452,-1.843286825538
-0.308539681222194,-0.612436420827122,0.525045814637293,-0.405558801234748,-1.70050452020836,0.0835098586824158,-0.416320852035993,-0.712906385558035,1.24746676322758,0.67130924560389,0.548419635976039,1.24307959529628,0.0720091386828704,0.207572466088052,0.972202076716241,2.02439625764314,-0.235831031832974,1.53242030990943,0.533767181612559,-0.617246753515126,-0.395735592800851,0.832243197858181,-0.0184692868935995,1.84536314090985,-1.16307482528044,-1.11476416379339,-0.368643125960686,-0.367225559616109,0.0536668387646026,-0.675426763155328,0.260129049716206,0.220121452746295,-1.55167384249918,-0.497600129639238,-0.415013632656684,2.23243067549175,-0.815440291866176,1.58117803608286,1.37196892217,0.445343066230676,1.34139161490711,-0.309841414625817,2.49714110083134,-1.05628327506524,-0.512552282204306,0.294399851359931,0.665119171686824,0.362169661016583,0.646359782981703,0.776625580403902
2.70102034789992,-1.62985722415822,-1.01444690108024,1.76845442691361,-1.896749182466,-0.137833332400508,0.130790678201386,0.817647250098456,0.828326016388253,0.764945307300271,-0.126816791901956,0.774832621667772,-0.891823346697462,-0.87190914331987,-0.731239825300828,-0.237819821928224,0.7268582676912,-1.8932463215094,-0.0941220926119697,1.16089706268316,0.875627055234284,0.531008839891857,-0.179641001720184,-1.20255434383582,0.566722138257697,0.289978825530389,0.00417073470505321,-2.0110591200748,0.514987184679675,0.624084476281435,-1.89688453064409,0.446187582823812,0.875507744911917,-0.989656213095081,-0.0193796619008944,-0.804494530322846,0.671318605470541,-0.963431645999259,-0.973737456550789,1.13977281763923,-0.428585139864569,1.02991650882553,-1.33582939979046,0.8291733277735,0.493431801511044,-1.6977689918546,-0.158648737301096,0.499760630906003,-0.198828945318806,-2.01542876141058
-1.18071571979695,1.20018987622254,1.84716697431891,-0.246317970807851,1.42503179778087,0.475528145242305,-0.571618104540531,-0.189167699595134,0.259158873658404,-0.259242516234473,0.333661467215832,0.0829662967143068,0.289975379615849,1.04061725827455,0.237575036677774,0.530189761953507,-1.40928097833719,1.72896351962531,0.161792167141102,-0.0878838530779085,-0.337595109602435,-0.841228423451393,0.827495171608797,1.69742271250875,-1.0027946356274,-0.966575586237667,-0.107941882915371,1.43019675651591,-2.45403731192567,-1.42932377558838,-0.490330704154742,-0.116503676806321,-1.60643480628385,0.808528833778756,-0.804123030474443,0.375161269076049,-1.07939841383672,1.91933315309323,-2.15792271523029,-1.49907439256901,-0.13730662070016,-2.24630724295206,1.36339665671024,0.540391735058902,-0.318913830732738,0.463325747712683,1.30602467819469,-0.434102079059349,-0.327309346878606,-1.05972612962446
0.150011759341698,-1.44159832400456,1.08964176478646,0.154133556872628,-0.785692393756712,-0.244696724107036,0.697565336201278,-0.964977850696199,-0.476384192377076,-0.897039061192835,0.762886809589407,0.943604918339292,0.33181282913842,-0.353222755367655,1.33142345491722,0.501647614289741,1.27110318926228,-0.432465296466399,0.527862691668911,-0.463637563190953,-0.894746945677894,0.0923016219807688,-0.634697223799356,1.77973597475301,0.531616344159747,-1.14941354094185,-1.29124810228008,0.661267398442082,-0.678205160962527,-0.0832348218897666,-1.34285988055239,1.31982509760712,0.0540531408511208,-0.342577527802474,-0.299792614212497,-0.152809378606587,1.56520722426803,0.540418533089056,-2.0198736043538,0.643768679560253,0.520781011787927,-0.984936028897225,0.887853875893021,-1.9161058099297,-0.40358356055086,1.44415389202904,-0.288567523191453,-0.701183011137883,-0.30779727818023,-1.35347343161106
0.857656781741338,-1.34097474728683,2.43547871384795,-3.8579646617829,5.65949679104418,-6.36716481179977,-0.86227005602433,1.57203750081274,0.777670171938029,-1.19605357969141,-1.26311865737127,0.335342724830662,0.251399963251351,0.587588672818125,0.533632410620953,-1.32259130096057,-0.0630089383252556,-0.0110579956355904,-1.18722545305718,-0.100440642207997,-0.378574544328589,0.427017710733242,2.18517728073809,-0.349365652956576,0.056519372414476,-0.185097395755429,0.154637747840823,-0.164335300532079,0.413795327926831,-1.09543822635034,2.76031607792626,-1.16196481003834,-2.60424418100243,-0.412413579758509,1.99592464343976,-0.934856496352365,-0.965204050926991,0.169960140605066,1.70218713956293,0.214260006089465,0.438429795887043,1.03164167351468,-0.479106105579215,0.53929773907096,-0.792024398397526,-1.05628138138849,1.73581560796415,0.534471520024749,1.15716296108833,0.92096525546658
1.15510150453951,0.445836077431706,1.94673516075227,-1.46044277007951,0.251834157695024,0.451711710343108,0.416640313326821,-0.626642235382693,-1.52966965581947,-0.627314307440625,-0.917602611455911,0.357446465006737,0.568584652279455,0.140512026996877,-0.297861914709734,-1.74414423576639,-2.54819316310388,-0.166702167544429,-0.626736804569631,-0.21515645436451,-1.77076541784714,0.265634813149292,-0.120709282176193,-0.0205377184814981,-0.624322726656536,0.500207994352223,0.612304395989125,0.0806427554244429,1.00389354307362,0.761892404679121,-0.744244098238313,-0.844055807414426,-0.101339437126911,-0.880541199764669,-1.41821603823719,-0.603120101861018,-0.335787578685488,0.524035987811516,1.50136616938168,-0.202845484785847,1.00737255028439,-0.70550470079916,-0.23293067852194,-1.76343573750972,1.01990646499543,0.834062564666939,-1.79824514358715,0.192036072264237,-1.7087620215689,0.840980740862592
1.18799588903893,2.82031016879394,0.342107805311906,-1.72068823662978,-1.05431372317056,-0.897465334690692,-0.602455512831098,1.08945263054904,-0.879687011615737,0.287653119153611,-1.33609893624911,-0.063151701640771,1.16627211983992,-0.391555147609306,0.106358439479189,-1.13090095024641,0.12885567795721,-0.902883296921835,0.165460288487749,-0.604897315977772,-1.29241328432208,0.187219266606502,-0.501252254663273,1.64142753994916,-1.09388489802908,-0.308714023485912,0.709021580229523,-1.13713345236363,0.866282879815709,0.814865138059737,0.0238010204876772,-0.228144398968144,0.630533096231461,1.05062294362678,-0.176660758676726,0.254455012417061,0.332420289840066,-0.253055799702685,1.04290451899185,1.4555985367432,1.83501018333135,-1.13824432124576,-1.04924839818022,1.27320702460958,-0.293261307709972,-2.04634767979175,-0.934367598222374,-1.18574824621223,-1.52250595871348,1.3859317555579
0.592943421976057,1.07928367027696,0.416409601968094,-0.378186664771436,-0.784097547916829,-1.87166721323881,-0.394652550349993,-1.08410132878395,-0.919320628887121,-1.1067952771499,-0.262742508679708,0.280278148598957,0.13210730638123,0.181849113839761,0.609706486766362,3.71594461223688,-0.432816224816409,1.0619305536445,0.381005218675526,0.854110592703074,0.569162863122772,-0.845216841421594,-0.85708465860799,-0.216824876526879,-1.20070204349355,-0.618872834556691,-0.291665591967228,0.0313582218871124,-0.267286271593848,-0.188074962536716,1.23813224014225,-0.839889046583089,0.674247111503645,-0.292636427442917,-2.36051492774778,-0.0588597817933189,-0.294727091108311,-2.35316450377872,0.532845154448096,-0.334104077358135,2.0749741739913,-1.34000394335396,-0.936231461201859,-0.876694988525872,-1.3237820186494,-0.349988637051554,1.15098652242184,1.00230089640775,-0.568090099147588,0.423793868103326
-2.53144249035642,-1.05905771094992,-0.51020343463354,0.828414013614923,0.980578875408381,-1.37080425636059,1.73079385242894,0.439215766972707,0.943232743149413,0.0277562326372972,-0.509704625833178,-1.90186450722762,0.199641432485951,1.046607427374,2.04166528315924,1.25596642421445,1.81797854628782,-0.660286297071042,-0.600805010711662,-0.0956191297308218,0.833395629726023,-1.48234397456663,0.0440074490814883,1.41842153387623,-1.68453008935532,-1.78318025870588,-0.330204567516914,0.0977925786903909,0.868840708619852,-1.65702523794169,0.866497678119313,0.769814651851624,0.997831910590923,-0.921734970056675,-0.19288702635688,0.467852144980308,-0.200206924066529,-0.29515395018186,-1.2869070070044,-1.19900504478441,0.0175828950889384,0.0456038587435583,-0.147361205589838,-1.18806419122564,0.0591334856725331,1.07895468270382,-1.60397995324885,-1.24592299589014,-1.03079883567463,1.07115614881802
